Age,Trial,WMD,1,2,3,4,5,6,7,8,9,10,11,12,13,14,15,16,17,18
A,1,1,-385.7394,-316.965,-389.2039,-369.0336,-372.4184,-404.3036,-514.96,-584.7841,-464.7835,-592.8054,-578.32,-704.2956,-728.3278,-632.3965,,,,
A,1,2,-16.7441,2.8255,5.5152,20.487,-37.6289,-38.5405,-11.398,-19.1645,-25.8593,-21.7061,-18.9841,-3.5824,-33.8283,-23.8833,,,,
A,1,3,-12.6998,36.0046,-12.4123,-13.4815,-3.956,-5.7315,9.2749,-10.0072,-56.3702,3.7974,23.7381,15.0566,0.9507,-0.9488,,,,
A,1,4,-171.0087,-112.2053,-196.872,-178.8546,-249.2942,-307.0566,-339.1181,-300.3281,-413.73,-413.648,-410.9271,-457.0321,-443.5607,-439.9689,,,,
A,1,5,-94.6137,-91.383,-115.6666,-193.7833,-106.1968,-142.8384,-147.3117,-201.1819,-148.0954,-144.4353,-191.0711,-189.7232,-209.1947,-144.448,,,,
A,1,6,52.7323,61.914,31.0701,34.1559,35.1167,35.5293,40.7871,49.0265,30.3102,6.6034,35.789,20.5503,56.7904,37.983,,,,
A,1,7,26.5271,86.2603,47.5482,87.3581,60.9148,21.34,73.1102,21.3499,49.4862,80.8625,60.2805,47.1754,106.2112,99.2462,,,,
A,1,8,-97.6801,-98.486,-224.4799,-225.7822,-195.3452,-240.1706,-253.7849,-282.7973,-259.224,-279.531,-273.2871,-240.9722,-325.4738,-320.8678,,,,
A,1,9,-287.4987,-247.7736,-430.8703,-444.9781,-558.3999,-615.7359,-598.0093,-599.6391,-693.2176,-814.3144,-859.6523,-1039.8984,-941.2095,-1060.3388,,,,
A,1,10,-38.7534,-52.0398,-37.1017,-61.8474,-27.318,-47.7987,-59.4557,-93.0357,-52.5521,-59.3384,-36.4659,-75.7038,-79.3584,-48.6377,,,,
A,1,11,104.6137,133.6342,113.6792,120.6639,83.6632,62.1363,59.094,69.8366,42.5508,39.5672,41.596,42.4636,40.9065,42.9,,,,
A,1,12,160.9,97.7336,74.5991,73.2357,59.404,33.1772,37.2261,31.5839,12.1647,37.735,17.3229,21.7229,14.2764,18.3426,,,,
A,1,13,64.3362,87.4095,59.74,46.2016,43.9853,55.8341,45.3662,14.1336,44.0956,31.266,29.2088,25.0974,20.2309,6.2466,,,,
A,1,14,84.1063,69.4859,72.2169,72.2604,60.1442,44.5188,41.8158,31.4246,5.08,24.5417,36.8093,43.0353,17.985,29.862,,,,
A,1,15,43.0814,40.293,10.4973,25.7519,38.5112,10.2866,17.0927,-18.8435,14.6919,-5.1628,27.7401,24.1752,23.8172,-7.0418,,,,
A,1,16,34.5542,13.9785,5.7872,20.6413,7.6477,1.7406,5.3259,14.0014,31.5899,3.0354,17.4299,7.8835,4.6631,22.017,,,,
A,1,17,84.2665,82.8391,57.8677,64.1948,52.3762,38.3621,46.9762,61.91,25.9572,33.7455,28.8929,24.0677,25.985,14.3813,,,,
A,1,18,70.8303,51.4516,39.3314,22.4673,33.3733,32.7947,37.0919,20.0208,21.6299,13.5359,12.3818,9.7317,12.902,5.3902,,,,
A,1,19,42.8956,40.8811,26.2909,29.6306,18.494,32.8962,0.447,-8.7034,8.4782,17.7161,5.5789,4.8775,-3.5124,2.1403,,,,
A,1,20,116.9722,122.036,96.0057,102.1239,104.1336,65.5924,51.8985,58.7287,45.9253,83.8097,65.2971,50.9845,52.293,58.0327,,,,
A,1,21,60.2771,68.0392,19.9607,56.8511,55.6086,65.2665,48.3597,57.3825,35.5913,31.2401,35.2819,40.5272,37.2707,48.0863,,,,
A,1,22,1.0745,3.5658,14.4686,11.5975,10.702,13.827,13.0978,3.9713,-1.901,2.2189,12.9532,18.6483,17.4843,10.5548,,,,
A,1,23,107.7729,97.0419,71.0348,59.6991,61.5486,51.5366,24.6714,18.3035,36.2398,19.9329,24.5953,24.442,17.5328,14.3293,,,,
A,1,24,44.9262,31.1188,14.762,20.6805,-3.2604,0.5364,3.5528,2.7325,1.7389,-0.6537,2.9341,1.1746,2.5016,1.1231,,,,
A,1,25,106.9615,140.0372,134.2425,148.6414,130.3775,93.3755,96.6827,43.0516,74.0024,42.0856,66.2097,68.6905,62.2597,73.8591,,,,
J,1,1,-415.1815,-655.747,-535.5619,-540.3661,-557.2785,-902.278,-967.3656,-599.4883,-1162.9544,-845.333,-1149.5331,-1037.9891,-862.3981,-958.5243,,,,
J,1,2,13.8821,21.9122,7.9548,-48.7965,-39.2953,-25.0035,-26.2927,-72.0925,-27.9117,-34.5807,-2.0902,-117.5355,-54.1844,110.3091,,,,
J,1,3,138.8291,31.7471,-31.5454,51.2237,51.1956,57.3352,-38.1499,-32.8592,59.036,33.4512,89.8718,30.4751,70.2853,-126.962,,,,
J,1,4,-128.5725,-431.6514,-331.2204,-488.0097,-554.4747,-558.1233,-402.2943,-785.9387,-597.2088,-619.4885,-736.7045,-772.3011,-633.183,-687.5012,,,,
J,1,5,-83.5667,-95.2223,-328.1903,-18.2516,-156.9121,-160.3799,-311.7919,-146.6908,-152.7646,-280.7689,-199.4588,-341.2753,-67.5618,111.3093,,,,
J,1,6,160.6021,81.2513,64.3365,72.6041,113.9256,89.269,78.0909,69.6963,29.0924,130.982,39.7587,84.5758,55.4189,87.6384,,,,
J,1,7,193.6966,35.1282,250.2382,38.4264,55.1325,102.7637,37.9828,113.7959,131.5859,101.4737,44.1675,223.5883,181.6412,245.5216,,,,
J,1,8,-160.7042,-454.1164,-328.9038,-255.2035,-432.6687,-321.8369,-434.949,-356.4689,-469.9989,-345.6916,-292.6562,-538.4796,-465.2905,-736.6972,,,,
J,1,9,-439.9398,-809.8808,-816.0377,-971.2163,-985.9447,-899.6249,-1006.4937,-1221.6715,-1404.5369,-1408.4526,-1774.9939,-1513.8352,-1934.109,-2752.1251,,,,
J,1,10,-29.9923,-55.9974,-102.7691,-47.9721,-29.7732,-138.8934,-156.5455,-42.6134,-138.0883,53.8129,-149.4471,-119.6321,-44.1819,-119.2768,,,,
J,1,11,287.7391,235.678,309.7077,227.007,166.0063,164.1586,171.4213,139.0127,127.724,130.8773,130.1412,113.4817,126.6522,87.3412,,,,
J,1,12,193.1653,193.0793,243.2989,195.5746,110.8003,144.9352,111.622,88.187,143.0427,79.3782,60.244,58.0268,51.0385,25.825,,,,
J,1,13,271.6055,186.0409,221.6015,144.4242,166.8143,101.586,36.1664,135.3511,97.8528,76.4889,58.0889,52.5599,23.3439,31.1941,,,,
J,1,14,213.1911,199.7761,209.9516,170.2437,187.2966,137.0465,107.2512,91.5713,118.705,100.6922,94.9185,64.1533,147.7878,1.4335,,,,
J,1,15,127.4783,43.6514,129.0273,79.5833,41.6801,58.193,-24.4372,79.4695,28.5858,98.042,81.6672,52.4467,-16.1168,34.3223,,,,
J,1,16,17.7007,13.0341,100.64,-0.7372,25.3189,20.6663,36.7071,77.8064,9.0689,67.7847,21.4596,28.3045,55.0176,14.7891,,,,
J,1,17,177.981,161.4564,162.7238,137.4668,131.2466,122.7385,151.8889,63.202,74.4468,53.1788,65.9115,80.6489,65.2858,83.6021,,,,
J,1,18,171.7436,129.5168,120.5498,102.1312,89.0361,77.3907,47.1548,68.4061,40.6526,38.1758,42.0329,29.2549,21.9999,26.203,,,,
J,1,19,229.1831,140.7873,155.6564,88.2147,75.3407,10.4831,44.0218,55.6995,47.9082,39.4688,9.4037,7.5093,27.1202,21.6339,,,,
J,1,20,276.0082,205.2847,281.0694,195.9574,119.61,167.7843,184.4111,181.2502,185.4371,96.3623,120.2045,140.0764,124.4609,106.9832,,,,
J,1,21,156.533,84.0945,155.047,108.2449,167.7769,52.8227,116.4126,86.0505,62.001,135.4624,118.1615,94.8542,105.5812,134.393,,,,
J,1,22,30.0266,45.7431,41.5527,35.3587,26.1277,31.6201,10.4312,4.1433,3.113,45.0302,47.8078,20.2272,6.7225,37.4816,,,,
J,1,23,249.1048,172.2469,195.1559,180.5567,106.6387,108.6069,120.5413,131.3261,93.012,94.5794,68.4025,72.0532,67.713,48.0836,,,,
J,1,24,123.953,61.3967,87.6845,40.4214,55.3139,37.4837,35.4473,19.9193,16.3683,12.9345,5.1534,7.7872,1.4419,2.8486,,,,
J,1,25,301.5095,277.5145,339.3681,290.5711,317.447,235.249,106.5296,218.2518,97.5789,193.2966,223.3721,187.2288,189.7555,177.6699,,,,
A,2,1,-67.1545,-34.7375,-79.9665,-7.8511,-31.0923,-7.1716,-1.4109,-9.1543,-21.9596,-2.6362,-22.2241,-14.7235,-12.701,-8.6679,2.755,0.1174,-11.6971,
A,2,2,-14.1792,-19.2203,-14.5219,-2.3149,-4.2213,1.7973,-11.3822,-6.085,-0.9087,-2.6831,-6.8269,-4.2182,-4.416,-0.9961,-3.1224,-5.1565,-2.5512,
A,2,3,19.8494,10.0621,9.8627,7.2968,-1.9078,-2.8369,-4.0156,2.54,-5.5484,-1.9525,4.3492,6.4747,-2.2633,1.8402,6.0031,-1.4914,-5.7911,
A,2,4,-102.6152,-87.7248,-61.755,-49.2353,-16.7709,-45.7156,-45.0348,-54.5319,-94.5997,-42.2184,-54.13,-48.1518,-17.5929,-73.2087,-57.015,-29.6634,-26.5034,
A,2,5,8.0476,-41.1727,-79.9685,-47.1874,-46.5345,-23.4081,-18.9465,-86.9589,-28.5626,-44.9063,-41.4156,-49.1744,-50.9924,-70.6094,-54.2353,-41.4242,-33.5457,
A,2,6,-17.4521,-4.23,6.0121,23.9124,7.2647,15.3785,-12.8348,-1.2751,-8.7987,-9.601,-22.3535,-0.3619,-5.6792,0.2058,-3.4353,20.6322,-3.4724,
A,2,7,47.3966,21.2012,22.126,10.3576,35.5937,27.1046,9.9207,8.8955,8.1277,15.9726,2.5755,4.0479,-1.0731,-8.5731,-7.0039,0.2286,6.5438,
A,2,8,34.0923,-7.7442,-24.6485,0.7146,7.5231,-2.3119,11.7108,18.1947,12.604,2.6695,-0.541,8.1423,-12.0206,6.3018,0.3093,-2.916,-0.6264,
A,2,9,-27.1926,-36.6033,-29.9721,23.5699,-5.989,7.9806,3.6526,24.1856,9.1009,17.2133,11.2822,31.9649,38.5166,-0.0195,1.2455,-14.3792,-7.042,
A,2,10,-46.302,-37.7034,-35.6379,-20.3594,-9.1612,-34.3165,-9.2439,2.8996,-10.8545,6.7191,-8.7518,3.7127,-16.0555,-2.9341,-4.8306,-5.4771,-10.787,
A,2,11,-8.5349,-1.5881,-6.3399,1.6585,5.4509,-1.2987,16.9121,-0.8605,2.5699,-8.7383,-12.315,-7.1345,-3.7673,-0.2704,3.2864,-7.0351,-3.9899,
A,2,12,14.2305,15.5945,-1.8573,-8.5861,16.6221,4.6994,-5.6229,-6.001,14.4724,-1.2499,3.4199,5.754,3.9976,-0.7991,-1.504,-1.7357,0.6298,
A,2,13,-13.2883,-4.2544,12.9104,10.1915,-3.1744,13.3132,-2.9211,6.5203,11.1074,7.9802,2.3372,-2.372,-4.2998,-5.8278,-1.7842,-0.4111,-3.9667,
A,2,14,25.9776,17.8359,39.7487,1.5996,12.0511,8.3184,3.0549,9.8911,-1.9441,-0.1534,-12.1046,0.6843,-3.5941,-10.4434,-0.12,-18.4481,-5.9514,
A,2,15,13.7735,-45.7319,-19.7592,-29.6514,-13.7082,22.5678,-13.9787,-11.8462,-9.2543,-1.8798,-0.5027,-3.6154,-13.6664,-10.7732,-6.7617,-5.0939,2.076,
A,2,16,-91.4528,-141.8946,-200.5099,-161.237,-117.4652,-181.9343,-146.2106,-180.297,-181.5257,-100.0009,-110.3194,-111.6483,-154.6477,-139.9688,-131.3456,-188.6658,-125.6073,
A,2,17,-21.9002,-37.2547,-37.5053,-61.8153,-34.6855,-4.4872,-11.176,22.8797,-7.138,-12.5533,-38.0808,1.625,-13.6758,-15.5405,-26.873,10.7853,13.0442,
A,2,18,28.28,-6.6345,2.7373,2.7225,-13.2231,-7.8939,-5.4215,-0.4141,1.9502,4.6314,-0.2469,-2.6282,-1.079,-0.6905,2.6757,-0.0971,0.9564,
A,2,19,17.6911,-0.9352,28.71,16.1301,-1.9684,8.728,3.0471,-3.5562,12.8661,13.8092,3.1096,6.4038,3.2391,0.9261,1.1161,5.4404,13.3015,
A,2,20,-100.1236,-91.0261,-80.936,-40.0327,13.8597,-27.6517,-24.073,2.8948,-25.4614,-70.6507,-22.166,-19.5981,-19.4688,-10.8098,-37.4931,-18.9942,-20.1061,
A,2,21,-140.0024,-124.8712,-124.2564,-105.131,-98.8983,-128.2202,-102.435,-101.3151,-108.2764,-106.2695,-84.28,-95.4786,-56.4951,-111.6327,-70.7294,-42.7663,-58.714,
A,2,22,-15.3553,-12.9674,-4.217,2.4627,10.4156,-1.3063,-8.9107,8.4726,-22.5345,-6.7944,-1.732,-1.3294,-4.5092,-0.2765,1.7328,-22.0677,-5.92,
A,2,23,37.3596,22.6269,4.6211,15.8944,3.0779,-9.5535,14.2074,-5.8165,1.9647,5.1216,-0.4591,-2.3478,2.3715,2.0223,4.2744,-8.4211,1.9461,
A,2,24,36.4156,22.3657,4.2218,30.1118,10.8696,-9.0236,-4.895,-7.4728,-3.7758,-2.0303,4.9502,0.8042,11.3792,5.5057,-3.0776,-11.605,-2.2829,
A,2,25,-34.3369,-38.8499,20.0522,32.165,11.0481,-5.4816,23.0447,-3.2251,-2.3545,-35.0362,-49.3346,-6.7363,-21.2917,-6.4459,-4.7109,-22.7474,-10.8962,
J,2,1,127.4646,-69.6148,141.948,4.0701,148.9479,75.8925,3.8394,2.326,77.9897,28.8489,27.5648,60.3883,20.8179,42.2015,4.0082,-2.4181,35.2597,
J,2,2,-5.6879,24.1402,40.8364,27.0544,31.2259,-11.2866,8.2822,9.6465,-1.4906,-5.5502,17.1813,3.5327,1.6057,-2.9343,4.1393,5.0933,-5.7056,
J,2,3,31.9299,42.9821,26.8144,26.6786,-0.1033,4.6519,17.3908,10.4445,7.4665,11.2677,24.4907,-8.6897,16.6843,24.4507,-1.6924,-13.745,4.3564,
J,2,4,-74.0036,-22.7766,1.0171,8.2028,-68.3785,-17.338,-37.35,-144.6866,23.3916,-36.0718,-64.5854,60.8974,-164.9678,-39.0422,-50.1195,-20.3694,20.8823,
J,2,5,-73.1117,-157.8597,-4.9767,-76.2524,22.5652,-35.2445,-171.309,87.6017,-101.1727,4.1582,-62.6523,-34.2902,-111.0866,-44.0995,-49.1671,-48.0115,-78.211,
J,2,6,119.7016,143.9216,135.8373,88.3866,80.5567,50.5418,66.079,19.8512,33.6094,19.101,65.6033,27.3112,47.7418,20.2463,62.2149,-3.29,24.1296,
J,2,7,225.8314,156.6606,108.4198,164.5029,79.7833,61.1697,84.1932,79.5718,70.418,49.3628,54.9933,14.4056,7.5147,0.1033,23.123,20.8692,19.8801,
J,2,8,60.8387,98.4876,114.4185,77.3018,57.454,62.1071,88.3131,58.16,8.2702,22.0558,69.4314,-17.3744,36.2789,18.5998,24.2309,8.2023,37.4112,
J,2,9,74.0476,92.0487,172.2353,12.1918,137.9959,92.3555,73.0663,45.2105,81.3208,61.9578,57.8413,144.88,30.6734,53.1393,16.0225,13.9202,49.9811,
J,2,10,2.9231,9.7439,15.5979,40.0158,-42.5814,9.0424,45.493,6.2503,43.3373,-12.2811,45.3813,19.6833,26.7426,4.4481,5.7951,-13.3318,-17.2591,
J,2,11,30.3079,-5.3427,38.1866,31.0517,4.6356,77.7535,-3.1023,45.0909,2.2318,-16.2879,-0.5212,-1.383,7.6931,14.1105,-4.2008,1.5465,-10.8924,
J,2,12,86.5616,42.8666,63.0706,79.1033,33.4677,2.2494,23.9169,75.6258,-3.0992,24.3597,24.2122,14.7994,19.5379,22.9793,1.5442,8.1961,-7.4536,
J,2,13,36.2359,87.2321,91.5345,57.2688,55.1429,8.7503,60.338,33.3069,31.2506,23.9862,-1.0941,0.3945,2.0688,17.8271,21.8529,4.4055,-4.4404,
J,2,14,126.9553,243.8544,179.9564,188.5677,98.2414,42.786,132.7591,98.2226,23.3746,19.9984,78.5537,43.5344,13.6593,34.228,22.0878,27.5526,49.6978,
J,2,15,-92.2008,13.5204,2.3045,8.4707,90.9204,-40.2988,4.4065,-8.9275,48.2939,0.2492,-30.594,-6.7962,23.7602,20.6154,16.0961,24.8091,16.3437,
J,2,16,-247.3782,-306.8586,-218.9504,8.0531,-213.6487,-93.8776,-242.9776,-165.1296,-20.1451,-133.2485,-84.0971,-157.7356,-145.4871,-118.1605,-257.8251,-100.349,21.4232,
J,2,17,91.8598,57.1167,6.828,89.5782,106.2958,29.5746,108.0022,42.8385,62.5577,-14.2876,89.6338,5.1798,6.5815,-5.6851,66.6283,53.088,14.1822,
J,2,18,103.4997,128.9826,69.7178,32.7042,27.8326,40.5285,29.7242,22.5625,29.7354,0.3499,0.9795,-1.0237,1.5974,7.7722,2.8225,2.9357,-0.0487,
J,2,19,179.6322,206.51,165.4167,114.8136,104.5608,66.4086,87.9858,86.8225,68.03,47.4815,23.4348,52.3094,20.1682,8.592,31.0386,35.6865,3.7189,
J,2,20,42.5055,-64.6572,33.2115,86.3034,-3.1259,-6.6245,131.8939,-21.1049,-93.4879,65.7211,-11.6061,32.6663,3.1695,6.2736,75.631,39.8558,2.0993,
J,2,21,-117.4838,-151.1109,-123.5145,-115.6508,-175.5187,-133.5549,-97.4179,-157.3799,-105.2325,-68.8651,-69.7666,11.6323,-165.8523,-96.0909,-25.7617,-95.1446,9.8629,
J,2,22,-0.0715,4.4505,31.6872,8.7399,-0.8729,-4.3838,20.5697,-29.9694,25.1164,24.3183,-0.095,-12.3556,13.8852,-3.1855,-13.2308,15.4213,14.8834,
J,2,23,174.1999,132.0099,139.3158,40.3536,70.644,52.0477,15.9106,73.0749,42.4672,27.2749,29.7105,27.7408,10.9742,13.4549,-1.3548,12.1059,5.3877,
J,2,24,165.7578,138.1504,179.2487,69.8406,83.5876,37.8471,42.5509,79.7749,20.0407,67.2243,19.6766,45.5586,21.9601,27.5031,-0.6622,24.7697,20.0139,
J,2,25,185.8487,232.8675,205.7812,135.1736,117.9737,180.8523,83.3291,117.7095,5.1053,42.5552,85.0316,28.5412,37.602,21.7069,38.6911,51.6485,42.0873,
A,3,1,104.7078,87.7029,103.2496,75.8982,75.9468,50.0041,54.1523,30.895,19.6407,30.1354,35.1662,22.3438,12.8227,,,,,
A,3,2,61.4834,72.6121,56.6191,46.4261,28.6478,26.921,28.1063,24.3429,26.6373,28.3564,25.4045,12.5622,10.777,,,,,
A,3,3,87.6137,98.4393,92.5835,99.8058,50.1267,51.9557,41.5196,47.5977,61.7267,56.0221,32.0573,26.0238,11.1041,,,,,
A,3,4,127.022,147.1739,94.0592,110.6132,107.4739,108.7291,86.4374,61.0432,68.0158,57.3108,43.1893,56.1293,39.5175,,,,,
A,3,5,131.5189,132.1385,156.2712,107.5144,84.6241,95.6823,72.8882,58.1965,50.7465,44.7307,32.2816,23.9788,26.1801,,,,,
A,3,6,124.3587,98.9512,46.5953,38.6742,54.6332,45.783,39.4546,49.7446,35.2649,35.2298,40.225,25.2503,30.6834,,,,,
A,3,7,67.5448,29.6021,37.5699,43.9601,32.1513,37.1581,19.6194,17.3133,19.5743,12.4487,16.2423,9.5337,7.1111,,,,,
A,3,8,15.773,16.4041,41.8827,25.26,57.8018,56.5768,30.0395,43.4421,36.4277,54.946,21.4619,34.1644,23.941,,,,,
A,3,9,29.6695,69.423,39.2548,57.5267,43.5575,62.6864,97.3592,37.9315,73.5427,72.7998,72.3714,43.5028,60.0553,,,,,
A,3,10,83.827,101.7329,94.5952,75.3531,68.9533,71.3888,68.5291,70.4412,55.9649,62.8884,55.7245,29.6816,69.5352,,,,,
A,3,11,115.5241,105.1041,74.2307,98.8943,88.2378,105.512,80.4044,92.4005,51.0236,85.4131,57.2389,86.936,55.2474,,,,,
A,3,12,24.0351,13.1641,12.4352,25.0167,38.4463,18.5234,16.4139,33.0554,22.1548,5.1774,13.3489,7.0286,6.2538,,,,,
A,3,13,109.3253,103.1324,87.1591,48.1756,49.0682,63.8344,35.5335,27.0161,45.0673,30.4502,27.4007,24.5169,24.1395,,,,,
A,3,14,19.9753,3.0631,28.0216,19.1475,24.801,34.0872,20.5116,15.9276,9.2881,7.3085,22.1778,25.7848,37.0565,,,,,
A,3,15,27.8351,-10.0699,-5.0159,19.8287,15.9588,22.2608,21.8896,12.1636,24.4878,12.1629,17.5533,21.0362,19.4528,,,,,
A,3,16,63.1965,30.8194,54.1196,50.5321,50.0788,42.4143,59.3001,53.346,41.5157,14.5133,25.4457,40.8208,32.7681,,,,,
A,3,17,110.368,85.9917,81.9927,129.7119,89.656,127.1815,54.1305,84.8032,73.5236,86.9211,82.0152,55.794,77.1698,,,,,
A,3,18,-67.3443,-73.5917,-32.2052,-36.3838,-35.5215,-24.701,-34.7989,-139.3985,-43.062,-62.1517,-87.4074,-48.9236,-81.7427,,,,,
A,3,19,21.1981,36.9779,32.2144,-7.1769,11.5868,7.0749,-3.8267,31.2228,60.6388,40.6095,48.052,-0.3475,47.6735,,,,,
A,3,20,56.0109,48.3536,38.8632,73.0855,11.6198,30.6205,24.7345,19.542,-17.2842,36.1201,53.7865,43.5619,47.908,,,,,
A,3,21,31.8822,17.9354,34.3478,45.7457,37.8826,41.5254,46.9,39.6327,34.5399,27.0635,11.1645,19.994,23.0221,,,,,
A,3,22,77.0706,59.4829,26.9236,84.6154,107.2258,95.3302,70.4952,52,83.3901,80.2009,88.8941,49.1094,14.6789,,,,,
A,3,23,-859.5038,-1024.5833,-1095.4717,-1264.1546,-1213.8661,-1367.0912,-1605.9478,-1789.7757,-1992.6962,-1945.8017,-2060.9965,-2355.0693,-2182.7822,,,,,
A,3,24,-18.8229,-43.887,-33.2878,-40.5745,-30.1831,-7.2494,-44.8399,-76.8785,-76.0328,-62.8118,-47.9465,-32.1003,-78.2831,,,,,
A,3,25,67.3341,25.1512,37.9816,82.8643,19.3772,52.4765,81.1113,55.2342,61.7854,43.5504,22.962,36.4514,20.8095,,,,,
J,3,1,229.6427,215.0864,173.9852,197.0755,74.2635,125.7245,67.3035,107.3992,87.0044,54.0811,67.1537,32.0019,56.8408,,,,,
J,3,2,213.8088,133.4485,162.9236,91.7111,86.2872,68.3681,57.1643,48.7064,23.4874,64.8892,30.3207,40.5615,36.5698,,,,,
J,3,3,246.9389,203.7022,236.9073,96.7508,96.2202,116.9814,124.509,139.4534,148.8153,36.4636,76.5966,43.0378,59.3444,,,,,
J,3,4,270.3551,243.7877,249.8065,206.78,230.664,144.9672,117.1723,139.9834,160.6356,77.8737,108.6284,96.137,84.4017,,,,,
J,3,5,236.6443,312.6765,178.683,278.5959,226.9101,152.1263,112.1604,109.81,123.5602,60.1478,40.1556,107.9413,82.4418,,,,,
J,3,6,165.0869,154.1608,124.357,139.2058,126.663,105.7852,132.0918,55.8465,74.9978,85.1167,69.3629,84.8335,88.9779,,,,,
J,3,7,63.4396,84.5766,123.1383,54.1499,111.8397,57.691,55.7972,60.095,38.3353,58.0285,8.2022,30.2667,14.6859,,,,,
J,3,8,-3.7457,44.4771,0.4316,70.5145,46.4963,17.5958,28.8153,18.9166,111.0135,-11.6844,107.7603,1.434,-5.131,,,,,
J,3,9,159.6849,11.7507,41.7888,46.5113,85.8795,165.1654,29.3765,66.4905,36.2028,71.6223,-22.0669,104.6016,46.3362,,,,,
J,3,10,160.9014,129.0932,115.1757,152.8811,123.3769,147.2846,148.5633,83.8213,90.9015,78.8145,73.5652,138.5902,63.3476,,,,,
J,3,11,99.778,105.6621,161.2579,197.4323,202.0352,135.3562,130.5316,79.1727,130.4927,74.0985,164.1804,13.7611,149.9959,,,,,
J,3,12,8.2396,47.4544,67.1773,40.0743,6.3662,43.513,85.6763,34.4289,2.0415,42.0376,24.4729,30.3951,-3.224,,,,,
J,3,13,245.2992,210.2127,133.2884,190.4041,136.7015,61.397,88.9309,67.8686,54.1984,86.6693,88.5191,48.6751,62.8737,,,,,
J,3,14,50.1704,85.2525,58.2967,77.4132,20.1343,61.8822,21.0756,47.0808,37.3694,59.3271,64.0053,85.3598,67.911,,,,,
J,3,15,-45.2259,-30.3159,35.2209,-8.705,72.1334,18.2877,49.792,-3.0779,-12.1335,33.0567,-11.2431,26.1141,-27.5554,,,,,
J,3,16,-33.0111,126.5872,33.9329,48.8996,105.4421,131.3853,72.905,79.7043,29.4706,79.9722,92.4979,62.7416,34.9162,,,,,
J,3,17,92.3616,148.1206,199.6078,99.2048,246.3049,63.0219,134.7663,62.8464,127.248,115.1443,78.4636,146.6226,204.496,,,,,
J,3,18,-227.2748,-241.8613,-243.4296,-249.9616,-200.1577,-299.1003,-471.2415,-103.969,-333.3125,-426.7999,-332.4919,-419.6598,-73.0998,,,,,
J,3,19,-22.7634,-6.3475,-94.3435,25.8683,-60.1989,-70.4008,39.713,-17.8615,-52.6024,-43.8432,-97.0162,9.5194,-3.3712,,,,,
J,3,20,-11.5772,-43.0057,31.6545,-107.2169,0.1351,-11.2779,-34.9011,-170.4642,29.382,31.6999,-9.6552,5.1482,2.1598,,,,,
J,3,21,74.2854,128.7712,51.9847,30.3012,74.085,100.5029,66.5793,65.2131,102.4759,10.1513,60.3862,47.0212,41.1047,,,,,
J,3,22,139.9666,-58.139,188.9199,178.8104,166.1866,102.7167,71.5587,147.2864,98.5655,158.5395,83.5081,-37.6282,118.0599,,,,,
J,3,23,-2226.7443,-2408.1861,-2698.4371,-2450.1357,-2975.9698,-3464.8076,-3751.1973,-4025.9073,-3863.1321,-4183.5434,-5142.3035,-4537.0644,-5354.5409,,,,,
J,3,24,-142.6943,-140.5656,-123.5608,-188.8814,-23.3915,-244.8101,-207.9133,-215.7052,-143.304,-254.3207,-219.9724,-325.4209,-228.6343,,,,,
J,3,25,-46.2233,39.6637,123.6381,-126.7119,69.0235,164.8161,-1.4255,76.7045,47.1674,3.3412,58.9089,-34.5899,-32.1535,,,,,
A,4,1,-2.8285,14.2221,-25.6585,-48.9516,-64.4207,-73.2446,-62.6365,-47.4714,-44.9026,-32.3196,-10.4044,5.4043,-2.6454,,,,,
A,4,2,19.659,-6.8095,-4.2753,2.6092,-19.33,-19.7547,-4.3551,21.7641,-12.0847,26.0256,3.0734,3.4145,-2.9409,,,,,
A,4,3,36.1237,20.4256,34.6893,21.0549,12.0904,2.9314,10.2172,-0.736,16.5774,27.7413,11.1683,-4.8784,-1.6837,,,,,
A,4,4,-60.8603,-104.7072,-85.6709,-82.5143,-81.85,-96.6888,-95.5795,-25.1626,-12.204,-5.1335,-68.0368,-102.7009,-60.7645,,,,,
A,4,5,-17.1681,5.4994,9.2781,-34.9745,-31.9521,-36.4643,-28.728,-24.827,-19.073,-22.3326,-15.5409,28.6288,13.2903,,,,,
A,4,6,-12.4009,-13.2714,-11.6371,-16.3194,-21.6126,-17.1225,-16.8392,-5.8256,-19.5356,-22.8406,-12.0714,-14.105,-27.1622,,,,,
A,4,7,-73.4645,-41.6779,-74.1752,-89.0607,-52.0599,-72.61,-124.5861,-74.8436,-113.2601,-108.6398,-125.7079,-94.0735,-134.0616,,,,,
A,4,8,-14.7788,7.4751,-1.1911,4.9545,-6.5261,-20.3125,4.1075,-28.8667,-8.7184,-2.7024,1.9114,-1.1874,0.6734,,,,,
A,4,9,-47.2736,-22.0175,-24.9348,15.7815,-3.718,-2.4218,-24.2115,9.4894,-0.8055,5.9113,2.149,23.164,8.9147,,,,,
A,4,10,-1.1279,0.2741,26.3303,-1.3638,-14.3446,-23.3823,-52.7224,-30.1222,-23.1744,-0.9655,7.9774,-2.8766,3.75,,,,,
A,4,11,-133.8594,-103.0908,-12.2668,31.1494,-94.2162,-107.263,-104.075,-73.0692,-58.4511,-110.0913,-12.1986,-44.9717,-80.9042,,,,,
A,4,12,5.5994,-62.2456,-20.1384,-38.9461,-49.0015,-76.4732,-56.9354,-35.224,-74.033,1.1645,-41.0337,4.0352,-11.0477,,,,,
A,4,13,-32.3379,-9.2075,10.9001,23.2053,-8.8708,-11.5005,16.0634,-4.0566,-19.0935,39.8193,19.6934,13.5517,-21.8425,,,,,
A,4,14,3.4387,-30.2606,-53.0025,-16.7842,-26.269,-47.3353,-27.5682,-20.7657,-62.6098,-6.3692,-21.5221,-35.8558,5.6497,,,,,
A,4,15,-166.8942,-236.4815,-216.6072,-181.9989,-234.7228,-251.3094,-246.2874,-192.7998,-155.4208,-161.8231,-158.8774,-208.6377,-162.0587,,,,,
A,4,16,23.1065,-13.6319,-18.2947,-15.9324,-10.6394,-7.3483,-6.0551,2.8778,-2.1046,-9.5191,-6.4855,-7.1057,-19.2853,,,,,
A,4,17,-21.9171,-6.2966,-15.1308,-33.6883,-19.6631,2.9903,26.0118,-16.9628,-5.3771,-4.2437,-2.1985,-11.435,-3.8088,,,,,
A,4,18,7.197,31.4233,-0.2945,-4.7087,-4.9516,-25.8613,7.4595,-37.1962,-8.4281,-26.319,-16.6039,9.5372,-35.5561,,,,,
A,4,19,39.7251,37.7958,25.8752,55.5586,17.7069,5.0172,-8.2441,1.6166,-28.0106,11.0149,-7.8604,-17.0422,-8.5187,,,,,
A,4,20,-40.0902,-4.1296,5.1175,-27.1105,-32.7898,-31.5918,-18.593,-17.1614,-12.7159,-24.6171,-15.3203,-22.0211,-39.9569,,,,,
A,4,21,-164.4474,-145.3478,-127.3804,-109.6989,-77.3607,-78.7913,-126.427,-87.3473,-66.4628,-62.8399,-48.2061,-58.2031,-69.2092,,,,,
A,4,22,-635.1893,-649.6757,-578.8062,-675.1098,-845.1331,-915.6271,-944.4653,-908.9742,-1034.6274,-919.9124,-827.5748,-919.0239,-950.0314,,,,,
A,4,23,-471.7128,-473.2555,-517.0531,-538.3679,-546.7039,-707.7143,-755.4771,-797.6436,-810.7774,-773.0889,-712.5765,-988.9704,-806.6864,,,,,
A,4,24,11.1791,7.6717,-2.2295,-12.7303,-30.9858,-65.338,-38.843,-22.9386,-22.361,-19.9997,-13.4684,-56.9434,-81.7397,,,,,
A,4,25,-21.7621,-1.8734,8.7049,-14.1284,-1.1994,5.5109,20.9819,18.3405,12.881,10.415,-8.145,-9.9731,-4.291,,,,,
J,4,1,4.9088,-40.2649,-76.8768,-17.9708,-113.8256,-8.4602,-32.0891,-28.9934,-3.2382,21.4468,46.9023,-23.8911,16.1518,,,,,
J,4,2,75.4656,174.4299,41.7427,9.0699,36.7554,124.6234,137.9615,65.5064,124.1969,47.4191,31.8493,34.1309,50.8073,,,,,
J,4,3,216.5009,215.4805,141.4651,79.8782,77.7994,103.5737,41.9115,117.7824,116.011,83.1633,38.7816,25.4341,98.5928,,,,,
J,4,4,-144.5824,-8.5553,-53.007,-49.5111,-92.2363,-38.4674,59.0848,-39.9937,-20.5012,-141.9886,-130.3005,-20.6383,-7.0543,,,,,
J,4,5,107.1947,93.8798,-76.4987,34.9289,-3.273,47.6052,81.4776,111.3606,-20.9768,72.4002,101.1606,57.0507,15.7789,,,,,
J,4,6,-8.1583,-28.2588,19.1718,-43.9414,-11.9736,6.4194,5.142,-11.0467,-32.5421,9.7918,-20.4344,-24.1443,60.5701,,,,,
J,4,7,0.3374,-84.7313,-105.0104,-6.954,-124.0248,-212.2704,-44.9191,-280.6275,-104.8514,-174.5348,-104.6442,-244.8757,-139.1201,,,,,
J,4,8,45.1165,29.716,32.0457,10.7453,-30.6401,57.6624,-43.6883,29.2433,22.0905,5.4641,-3.3766,8.6164,17.4385,,,,,
J,4,9,87.8445,-21.9765,116.0778,50.8248,-11.6254,-43.5059,76.0761,-24.9129,113.1007,36.8696,42.962,13.8929,-34.6664,,,,,
J,4,10,78.2702,88.5702,55.9031,31.5304,-11.2814,-32.8696,43.4911,-41.8936,69.8437,22.5678,-20.0812,42.4064,16.5986,,,,,
J,4,11,62.559,219.1841,161.0868,-180.3899,-159.5553,-43.9125,30.43,-1.4084,-80.5617,77.4237,2.6697,-119.9728,66.4672,,,,,
J,4,12,-48.1338,74.6266,25.1307,26.9842,7.5244,85.5134,50.0765,-50.3532,253.878,-3.632,66.8401,0.072,11.5215,,,,,
J,4,13,32.698,46.3467,75.996,-8.5511,42.5361,28.947,-32.8602,-56.4169,66.9466,30.5282,20.636,-42.2417,104.1212,,,,,
J,4,14,-35.32,-42.5786,86.4874,11.9252,-6.8344,82.2046,16.0314,-11.7251,114.4437,-36.1782,17.892,105.7982,13.9288,,,,,
J,4,15,-388.3206,-186.6314,-128.6966,-282.5692,-369.1436,-265.2615,-158.0109,-172.5755,-188.5015,-168.4192,-341.8364,-67.1487,-190.6856,,,,,
J,4,16,-19.9396,14.8689,-4.2515,-11.2098,25.6275,-6.9362,47.9416,3.8018,-31.3482,13.9055,23.0043,-1.8933,-5.7338,,,,,
J,4,17,20.247,-13.2136,6.5235,29.0015,68.602,82.3885,-58.0262,24.9902,-33.6505,15.3673,-4.398,28.6894,-63.9723,,,,,
J,4,18,101.1957,80.5729,0.8992,93.1777,3.2736,85.2157,-37.7926,104.4467,-54.3672,52.1164,105.247,-43.703,138.9775,,,,,
J,4,19,55.1938,97.1968,144.6149,7.9522,85.4154,45.2779,45.9786,-10.5092,57.0493,64.4672,-11.1948,34.0109,-10.0921,,,,,
J,4,20,71.5787,42.0427,-60.1813,-30.3401,21.943,-6.6852,2.208,52.9249,1.9047,-6.8405,-25.2623,-81.622,-33.7042,,,,,
J,4,21,-66.3033,-12.3445,-59.7031,9.7294,-37.4129,-168.606,10.1241,-17.0864,-22.3313,-90.4655,-85.4521,-7.001,-35.0505,,,,,
J,4,22,-969.4695,-807.7387,-1141.8568,-1467.6198,-1484.8671,-1322.8706,-1323.3318,-1576.0224,-1215.0624,-1108.4376,-1503.9623,-1393.5448,-1680.7594,,,,,
J,4,23,-754.5983,-730.5475,-868.6078,-737.9685,-1382.7868,-1269.9103,-1269.8335,-1190.0211,-1196.6224,-921.3842,-1922.8917,-857.2311,-1466.5578,,,,,
J,4,24,21.9877,38.1524,17.2448,-74.4804,-109.5558,13.24,-38.4559,-56.723,-19.8323,24.9496,-119.8658,-98.4326,55.8876,,,,,
J,4,25,36.9317,47.3484,-12.668,26.8261,57.949,112.0773,72.2977,65.1527,71.3173,24.7659,42.2968,5.5237,86.3908,,,,,
A,5,1,35.106,18.0912,5.0175,-0.1327,-9.6643,4.3189,-10.0886,7.2681,-4.6387,-11.2389,-0.9244,10.6242,13.5406,11.4424,8.6119,16.8711,-1.7631,-8.1284
A,5,2,52.0564,12.6856,-26.3346,-4.4177,6.2195,5.1898,8.6882,14.2163,-3.3193,-0.7196,-11.6797,-12.3759,9.6374,-8.391,13.2023,-4.8931,-4.9573,-6.1973
A,5,3,-6.2828,1.541,-5.3279,1.9449,-8.1941,-7.2292,-1.989,3.851,3.5359,-3.6801,1.1514,-2.4031,0.8274,-1.2034,0.6,1.4189,-2.9352,1.3524
A,5,4,-39.3685,-19.589,-7.0845,2.6233,-0.0683,-11.0038,17.2059,17.245,15.4904,6.3452,-14.9921,-25.2684,-9.9329,-24.7033,-16.8215,-9.1702,-1.0034,-18.0056
A,5,5,-54.8016,-43.1666,-72.6119,-25.5852,-19.1721,-57.0187,-83.3625,-2.5023,-11.8391,-68.8456,41.2032,-33.1603,-63.9048,-12.3705,-17.0252,11.087,10.6754,-45.2203
A,5,6,8.4061,18.0146,13.1161,7.0847,-10.9112,-23.1288,8.1071,-4.5497,6.002,0.4304,-6.2634,-9.05,-5.3794,-3.7951,-0.9868,2.2181,-6.1382,-0.0554
A,5,7,43.0108,38.7675,11.5287,7.63,1.8111,-2.8481,-6.1618,-2.5738,-7.1909,-5.9997,-5.3947,2.9246,10.4481,17.6667,18.3059,-4.797,-7.6398,-0.0483
A,5,8,5.5868,14.6076,-18.1222,3.5677,-7.0068,3.9908,9.4499,10.661,-7.0145,-12.8365,-3.0551,2.6892,-3.6058,-7.3903,7.1862,9.544,6.1523,5.0351
A,5,9,-131.4874,-89.9987,-237.9015,-199.5143,-151.6959,-165.4433,-226.6658,-181.1304,-147.8202,-253.4315,-180.829,-164.7752,-163.3099,-238.5701,-127.0735,-118.885,-187.4036,-171.6479
A,5,10,-40.6313,-23.9855,-23.0518,-64.1078,-37.1994,-63.0875,-29.0639,-35.0399,-39.5921,-45.4843,-34.2885,-37.0104,-40.5406,-18.8889,-4.4145,-20.8183,-49.6467,-29.9791
A,5,11,-86.972,-123.0544,-53.6943,-44.8728,-23.389,-17.4773,-89.0702,-45.2836,-27.9843,-34.1951,-9.0539,-52.3966,-79.7331,-58.8504,12.6648,-11.149,-78.1612,-53.0028
A,5,12,28.2638,0.6374,12.6195,10.0173,35.0084,13.6905,2.6774,15.3669,-0.7006,-5.2916,-5.3209,-10.5919,3.3481,-5.1397,2.1449,8.0294,6.0194,-3.347
A,5,13,5.4492,-30.2865,-24.0992,18.9178,19.1168,21.7733,-8.1338,-1.9566,-22.2303,-32.1914,31.0979,38.0682,6.9633,18.6355,4.1539,-34.7916,-0.7723,-33.7856
A,5,14,-204.6304,-151.0816,-168.9903,-77.3884,-120.9686,-133.6282,-129.9198,-104.5052,-135.333,-192.8726,-95.1426,-124.4184,-34.1193,-77.2831,-10.0093,-104.8626,-145.5034,-170.3006
A,5,15,-36.2889,-66.3968,-4.7678,3.5803,-0.8276,6.9371,-21.6542,-43.9568,-24.164,-0.7816,3.7597,-19.0238,-23.7976,-19.5694,-9.9741,23.5687,9.1412,11.1491
A,5,16,-237.0292,-166.3654,-160.2821,-172.1089,-158.8491,-159.8133,-110.8458,-150.2223,-139.5407,-93.7017,-142.8856,-78.1858,-67.6138,-112.7348,-136.1413,-100.2311,-75.5365,-104.4591
A,5,17,33.536,-20.6928,-10.7521,-6.3583,3.786,-16.316,-18.2103,-15.3524,11.4381,-7.9603,5.7595,-0.0899,16.2412,-25.8876,25.7709,16.8868,-11.5753,0.1349
A,5,18,-21.4074,-63.5508,-26.1908,-12.3068,-15.9178,-28.6026,-9.3523,0.4578,-13.8315,8.8893,-2.8848,16.3661,8.6445,-7.0192,-26.0486,-12.4696,-5.8668,10.9523
A,5,19,-38.1342,-56.4079,-37.9415,-38.5581,-30.1326,-46.8387,-26.8802,-59.9752,-52.8315,-28.1448,-29.4311,-22.27,-37.5124,-22.5107,9.4868,-18.7911,-9.6446,-14.5866
A,5,20,-65.9343,-24.7186,-90.3787,-35.4894,25.6001,-22.1013,-39.164,-26.4078,-89.4771,-57.3748,-37.7231,8.0601,-26.346,-53.8915,-29.5306,-25.2888,-35.2154,-46.8397
A,5,21,-14.9116,-32.7244,-42.546,-46.6933,-13.6962,-30.9858,-72.9154,-17.5691,-11.1071,-34.8416,-0.6291,-47.2888,-33.7752,-37.5914,-3.8126,11.1069,5.5345,1.4523
A,5,22,-15.0947,4.4228,-2.5885,9.9109,4.9715,13.0257,-18.78,2.2163,0.2566,-13.6225,-9.0039,-15.0528,9.2342,-26.9276,-24.3287,-26.0306,-8.2962,1.7518
A,5,23,-62.1256,-0.5661,-15.7958,-53.1857,-58.6172,-107.209,-96.6858,-70.9264,1.8708,-40.9049,-54.1621,-42.6614,-42.9341,-28.1073,-38.569,-77.815,-71.2995,-85.1886
A,5,24,-139.4061,-93.2313,-175.1377,-115.7874,-143.4766,-151.5959,-126.4543,-133.1935,-178.3423,-228.1152,-168.663,-211.2531,-214.1767,-203.4779,-106.9762,-152.3331,-171.9269,-288.8811
A,5,25,-100.102,-74.5924,-66.5424,-86.3307,-150.9009,-139.7245,-151.1105,-113.6941,-104.651,-125.5869,-79.789,-161.3127,-165.2712,-162.6931,-192.6261,-172.7677,-177.8724,-246.9569
J,5,1,97.5741,46.5553,45.4497,34.2687,39.1407,3.1055,82.3148,-4.7616,6.1944,36.7573,26.6489,37.1849,22.5439,29.0437,34.6069,1.3901,-5.3418,0.1185
J,5,2,62.1267,32.8095,107.259,132.1969,46.0779,70.4281,106.9973,16.0154,49.8904,-26.0487,20.622,53.2506,19.5691,66.4457,-12.6922,47.2096,-3.8931,31.0709
J,5,3,24.273,10.0473,15.3636,5.5018,0.0709,17.6527,22.1234,21.9539,1.7135,30.0668,-9.2051,11.9606,-1.8664,0.6255,7.5063,-3.8905,7.2459,-2.8175
J,5,4,7.5316,49.288,68.6291,60.4371,-15.7895,132.6299,60.6727,26.3571,-6.4202,-1.5407,9.833,54.1206,32.3502,21.4494,78.5088,71.7522,-37.2815,-123.6259
J,5,5,167.8654,-18.1788,146.0305,107.4544,24.9365,-69.0866,146.6976,15.7195,-61.906,201.3833,-55.6562,7.0752,61.605,53.1699,103.9759,88.0541,58.0609,-157.3316
J,5,6,135.7984,63.2998,66.8792,63.9549,25.7405,104.8844,-12.0908,57.8323,23.1286,24.2934,31.0887,16.8137,15.8196,19.0619,30.9951,3.7179,14.8892,18.3673
J,5,7,234.7137,76.6574,126.8632,104.7496,97.3993,38.7676,36.7469,10.0508,28.8293,21.5434,26.0644,32.5526,40.2737,31.9913,-18.15,11.4414,20.5299,12.0887
J,5,8,74.7883,-19.6957,56.6359,29.3564,47.3712,61.8853,19.1242,12.7104,-1.7314,27.7078,20.3723,-5.2875,-9.976,25.192,13.7495,12.1191,2.2156,12.9663
J,5,9,-35.483,-452.1699,-155.3242,-152.1849,-150.3673,-246.2844,-108.3922,-108.7519,-491.2505,-37.8509,-110.4287,-173.5641,-234.4302,-11.0612,-106.6977,-253.5393,-201.5358,48.8224
J,5,10,68.269,65.5827,-117.3246,42.7466,-42.7811,97.4333,-22.9185,-34.012,-47.8713,-20.7327,-66.2997,-6.7665,-14.4591,67.8984,4.6956,-82.303,2.4654,74.5924
J,5,11,-209.7511,65.7879,0.3632,-47.438,67.3514,-212.3125,16.5155,46.9959,-103.6767,55.5953,-85.1412,-129.4867,-8.9829,27.4727,-8.5993,-167.407,-62.4476,-48.9082
J,5,12,109.2761,111.1306,121.6729,178.1072,56.1812,38.5767,96.2824,50.8804,26.7943,5.4057,-12.681,46.6505,-6.4372,29.6053,25.0902,47.081,0.4933,14.7412
J,5,13,-25.8486,28.3979,76.5569,88.9695,95.5643,32.5091,72.9975,13.1174,38.319,111.5167,76.139,-0.4708,45.4859,43.3476,-39.1114,71.1401,-9.4232,0.7814
J,5,14,-67.9815,-282.9293,-3.4836,-200.458,-183.552,-129.2763,-41.3019,-165.2935,-318.6882,4.1924,-181.2599,90.228,-107.6878,86.5412,-253.1198,-156.0075,-265.4193,-81.2498
J,5,15,33.6091,136.592,89.9418,109.8029,107.3083,87.7303,35.868,80.6352,142.5585,42.8511,-8.8292,8.6195,28.9039,16.7644,110.5002,38.4133,92.6293,-20.78
J,5,16,-130.1607,-134.6509,-232.3809,-144.7365,-141.6086,-3.6994,-123.588,-103.9322,-2.3696,-223.8582,-36.7795,-25.8854,-175.5179,-200.3541,-54.0628,-14.6255,-81.0964,-152.8979
J,5,17,28.1885,122.8703,98.4506,152.3264,22.4165,78.8343,79.572,93.9332,8.4257,90.0615,56.1912,37.0194,2.5285,105.9132,39.3642,-23.2278,43.6658,-17.1278
J,5,18,-13.4148,82.3892,164.236,85.027,42.3527,96.8968,79.4182,76.5285,114.708,69.4586,125.9471,57.4496,17.9353,45.5331,54.09,1.9316,99.3836,33.3133
J,5,19,67.2107,83.7472,-13.0823,82.5486,12.5287,105.4571,-54.5239,77.8892,45.0222,-1.1105,-28.33,5.9813,49.6501,41.9885,11.3823,73.6767,53.3889,52.4219
J,5,20,83.0475,-107.7802,105.6246,167.5132,-36.1308,-47.2402,28.7441,-114.5697,4.3689,-16.2825,65.2467,13.1257,-1.6837,-15.1294,68.2589,-7.8817,-33.003,64.0701
J,5,21,-76.4188,-100.2717,19.1723,64.6529,-45.339,-19.0715,59.3437,-43.2837,-21.8452,144.9716,-61.799,-76.9218,26.714,82.4341,23.7712,67.9407,34.8046,27.3746
J,5,22,22.671,-20.253,36.5457,24.9406,10.3223,-57.3462,42.533,-16.2236,0.6394,-8.8666,-2.3118,41.1879,-65.2284,-17.8555,23.9319,32.7972,-2.1976,-22.8295
J,5,23,204.0027,55.4479,-35.5514,38.1354,-27.8797,-31.8552,31.7787,72.7679,8.0641,-47.124,42.8944,72.1512,30.4964,2.8201,-44.798,-30.9976,-80.5927,66.7877
J,5,24,-43.4166,-256.6888,-128.4752,-218.8037,-143.8668,-87.3581,-199.8652,-272.8382,-360.1312,-98.8035,-339.8406,-273.9239,-174.504,-83.0083,-261.9288,-242.3996,-422.1251,-291.8256
J,5,25,-89.04,-83.9567,-131.0643,-226.4051,-173.0618,-208.3728,-119.7112,-121.0012,-279.6016,-89.6801,-294.1656,-213.0861,-175.409,-349.9545,-269.0494,-211.8166,-370.9352,-53.5827
A,6,1,9.1737,-11.4742,11.4748,13.7785,5.4529,0.8367,-1.4909,-9.1735,1.8504,9.2772,9.6542,7.6025,6.0038,,,,,
A,6,2,25.2886,17.3922,9.6298,-2.9951,-8.6338,-2.7033,-13.2337,-5.7265,6.2718,4.7271,-4.9051,13.852,3.5922,,,,,
A,6,3,15.504,6.4317,2.5296,6.1249,20.6149,6.1601,2.8094,-2.2834,6.655,-5.2108,-8.4276,-6.8435,-0.1756,,,,,
A,6,4,-15.1913,-39.1752,-18.7546,-56.7502,-47.8628,-43.6747,-33.2745,-48.7757,-37.31,-26.6987,-5.979,-8.9455,-5.8506,,,,,
A,6,5,-44.5777,-42.0913,-32.3951,-45.3448,-34.9062,-26.0517,-24.8737,-11.5793,-15.6557,-27.019,-23.5274,0.3898,1.5743,,,,,
A,6,6,34.6998,61.6744,0.2258,-18.7542,0.747,11.455,3.2232,2.2948,22.5488,25.6994,17.6137,23.5974,6.9093,,,,,
A,6,7,25.6595,44.394,30.4729,29.5367,24.6689,10.3045,20.4214,21.8169,22.5657,23.1201,11.3853,21.7154,-1.7425,,,,,
A,6,8,39.2594,54.7392,81.4449,44.6605,41.307,23.4548,-30.2638,23.4225,-2.8324,-46.6471,-15.8358,26.2551,8.7801,,,,,
A,6,9,-309.7587,-255.6315,-212.5431,-242.0202,-221.5427,-295.0947,-299.6977,-366.1917,-236.664,-379.3095,-349.9902,-377.5399,-332.8642,,,,,
A,6,10,-119.3553,-103.6147,-53.6071,-127.2586,-92.7727,-122.2684,-132.6318,-114.3656,-110.55,-90.7779,-87.8827,-55.1947,-91.7568,,,,,
A,6,11,-12.515,44.6183,13.0316,29.1319,34.4788,19.0353,52.7902,11.672,37.8025,-10.4714,10.6151,27.0837,31.6557,,,,,
A,6,12,50.0621,31.9002,39.334,24.1992,1.2417,0.8042,1.249,4.9317,3.3894,3.0447,0.0276,-3.1838,-1.8349,,,,,
A,6,13,34.6211,24.1209,2.1457,3.8207,-8.2326,-4.5922,2.5037,-4.0633,17.3461,-5.3976,-9.5942,-6.965,4.9529,,,,,
A,6,14,-4.1829,8.7109,3.5462,-7.055,-18.9182,-30.2405,-21.3985,-53.5087,-22.2021,-4.0138,-15.5162,-22.4738,-33.7468,,,,,
A,6,15,-272.1221,-217.0927,-243.3243,-152.2657,-117.1641,-275.1426,-326.3259,-267.89,-283.921,-297.7278,-288.5688,-299.4955,-252.9817,,,,,
A,6,16,92.9262,76.1413,51.2439,39.1387,27.1267,23.4584,30.9629,15.1414,5.4001,16.4457,2.5469,6.9478,-0.1913,,,,,
A,6,17,35.2599,74.2921,45.8126,90.1651,50.1562,40.594,37.3311,27.3773,38.0341,23.1175,21.2721,29.3545,12.3272,,,,,
A,6,18,19.9955,18.4068,15.6505,40.878,16.2701,13.5431,-3.6662,17.0558,24.5294,17.6567,3.5527,25.6542,4.9596,,,,,
A,6,19,-26.2111,6.8628,1.7991,14.68,-10.4267,-46.6949,-20.2364,22.3024,-3.1273,-32.7133,-27.8094,-14.3067,14.2029,,,,,
A,6,20,16.75,11.7863,-10.0428,20.9522,11.6331,-4.3737,1.5542,10.4639,3.2109,-2.0314,1.2467,12.2188,4.4775,,,,,
A,6,21,-34.198,-23.4377,-16.9565,-13.5461,-9.4937,-45.1335,-51.7396,-60.4208,-44.6379,-45.1256,-40.4419,-28.8642,-42.8827,,,,,
A,6,22,-9.316,-30.6833,-4.9764,16.2033,-9.4674,-8.1247,-8.014,3.0618,3.3025,-12.8825,4.1262,-25.0617,10.9156,,,,,
A,6,23,25.0032,28.2727,8.3243,6.1901,4.3421,-7.6869,-16.23,-6.93,-21.1807,0.664,-7.093,12.4092,-0.4304,,,,,
A,6,24,2.166,7.349,14.5166,-2.2311,6.1205,-8.7186,-2.6376,1.4217,-6.1004,-11.2318,15.0251,11.75,4.072,,,,,
A,6,25,31.2568,33.3046,13.7269,40.9456,8.6421,21.9981,29.6643,14.0001,12.412,-1.3346,1.2583,1.4364,-1.6297,,,,,
J,6,1,53.9348,118.8405,65.0045,25.661,9.4522,10.0812,20.9009,24.2526,34.7956,31.6061,19.1622,27.403,7.3722,,,,,
J,6,2,89.9639,80.717,24.3669,14.5493,39.9092,-45.2872,30.244,54.6382,16.8442,15.7659,26.0403,-2.209,50.6849,,,,,
J,6,3,-8.2912,-16.2085,20.4633,59.1114,4.7039,6.3316,10.9782,36.5004,6.531,5.2922,26.1881,8.5522,3.3898,,,,,
J,6,4,-62.2616,52.8043,-82.4753,-71.4073,-34.8198,33.7635,-115.5626,-18.3054,-34.1176,24.759,11.6508,21.5438,-36.1759,,,,,
J,6,5,-53.8975,-29.2067,-73.5735,-48.771,-34.1437,-46.7597,0.3162,-3.3352,-54.8381,-5.9628,2.6843,8.5815,23.4848,,,,,
J,6,6,155.2727,35.8341,-23.3053,55.23,66.4414,81.7516,36.0598,69.3736,90.9734,5.312,52.5331,1.8208,-30.8329,,,,,
J,6,7,145.717,76.729,61.5927,52.9762,33.3749,65.8701,61.3912,22.0153,31.2191,17.2709,65.9321,-5.1556,93.8523,,,,,
J,6,8,9.6832,108.8519,-36.5342,15.898,38.5049,-73.6584,36.4942,-97.8905,-91.2653,-1.0655,34.0909,-76.42,34.5501,,,,,
J,6,9,-445.0223,-342.029,-550.2604,-399.5621,-633.857,-659.216,-735.3812,-408.4489,-973.4047,-636.782,-805.6322,-674.5503,-671.8872,,,,,
J,6,10,-192.6782,-45.0993,-358.7995,-86.9346,-236.2182,-220.6971,-162.285,-225.561,-210.6763,-143.4444,-194.0167,-248.8167,-313.6856,,,,,
J,6,11,89.6303,-3.1421,83.9967,65.9143,25.6093,106.1158,-36.0266,65.6276,-52.9293,70.0065,46.8707,44.238,58.5459,,,,,
J,6,12,98.0603,102.7013,121.461,22.41,56.5455,42.6651,73.9681,63.0972,24.6637,21.6874,29.7994,0.4626,24.8286,,,,,
J,6,13,75.2219,43.9558,98.7095,24.75,43.5896,31.7215,4.123,49.4688,1.9176,-24.5618,20.4027,16.663,-10.2319,,,,,
J,6,14,-5.5162,11.9695,-63.3428,-54.9099,-66.6503,-0.5331,-161.9798,-13.4436,-4.1591,-65.9309,-76.7595,-92.381,-0.5308,,,,,
J,6,15,-296.2529,-532.5266,-297.8078,-231.308,-719.8264,-529.8669,-456.6489,-612.7867,-576.824,-512.633,-586.7221,-471.5128,-860.1433,,,,,
J,6,16,151.6984,76.0869,99.8465,77.3645,115.0447,98.0711,68.5169,32.8271,39.1575,48.3523,45.9168,7.3122,6.3322,,,,,
J,6,17,227.0573,122.6646,226.4703,95.3552,125.6894,109.6698,48.0254,90.7706,62.0368,28.77,68.034,70.6287,10.0857,,,,,
J,6,18,107.1381,103.9139,127.8082,37.1572,78.6865,18.4596,40.6924,57.5273,79.8442,16.4985,86.7472,10.2578,-20.9178,,,,,
J,6,19,184.304,44.7627,57.0351,14.7427,-64.2427,38.744,95.3254,40.241,-21.6762,15.9745,5.3672,42.9301,-47.55,,,,,
J,6,20,33.7934,-28.2265,87.1426,67.4012,41.7404,8.6096,68.1106,-15.3159,8.9495,33.2252,36.5478,3.9513,1.7655,,,,,
J,6,21,-26.9691,-48.2814,-36.7002,17.3308,-112.7957,-136.3081,-93.8252,-105.0401,-91.7154,-71.8584,-91.2396,-141.1972,-93.8985,,,,,
J,6,22,-66.8616,-4.4141,32.7481,-41.4193,3.0202,-63.504,6.2054,-40.7754,-64.9248,23.7126,-73.7599,-0.4479,-39.2427,,,,,
J,6,23,60.5245,22.4334,26.6187,8.9631,12.2629,23.1601,-42.4413,-21.3651,8.731,-25.2615,19.1631,-6.8025,19.2418,,,,,
J,6,24,26.064,4.367,-8.6516,51.7095,1.0914,16.7464,29.2226,1.5484,23.0553,46.4249,9.7828,12.3726,8.8376,,,,,
J,6,25,174.218,101.6126,221.1964,44.3316,109.8436,76.7127,24.9223,27.0284,16.7734,20.6425,30.314,9.1667,7.8885,,,,,
