"","mean","sd","2.5%","25%","50%","75%","97.5%","Rhat","n.eff"
"N.A[1,1]",156.86624,20.2974368767193,121,142,155,171,199,1.63752215431773,10
"N.A[2,1]",271.45664,38.2527788263616,211,242,268,294,361,1.88002358806361,8
"N.A[3,1]",745.44704,84.473697285066,615,682,731,801,924.899951318016,2.19034310106128,7
"N.A[4,1]",823.20288,71.1868593334961,693,773,820,870,966,1.70898727560985,9
"N.A[5,1]",427.9312,43.1883445058081,363,397,420,450,532,1.51210197036215,11
"N.A[6,1]",720.2112,83.7143690482539,574.09992168918,657,717,779,885.899949173597,2.20871856921996,7
"N.A[7,1]",89.31648,15.2972259592599,64,78,88,98,124,1.56998236745754,10
"N.A[8,1]",370.37152,48.7965072992881,294,332,365,403,478.899905929876,1.96010478308113,8
"N.A[9,1]",611.66528,72.8242448716549,480,556,612,664,753.899940268123,1.94461469282636,8
"N.A[10,1]",265.4912,30.8680279546319,211,242,264,287,327,1.49014794651952,11
"N.A[11,1]",317.472,32.1640660471636,269,295,312,332,396,1.45861217553444,12
"N.A[12,1]",331.10368,38.699540305693,268,303,326,353,419.899892695299,1.61494568984171,10
"N.A[13,1]",749.6432,96.038596541225,609,677,719,826,954,1.86127496326698,8
"N.A[14,1]",998.0672,127.686473173544,799,899,985,1080,1331,1.51909584725918,11
"N.A[15,1]",353.75968,34.8519390672565,289,328,354,379,420,1.27144649651573,17
"N.A[16,1]",503.95776,53.5853048787638,420.099893018429,461,494,547,611,1.77019431920304,9
"N.A[17,1]",674.8016,52.5713008663085,583,637,671,710,786,1.46076915551128,11
"N.A[18,1]",850.17984,130.746503528751,652,744,816,962,1117,2.38397573156919,7
"N.A[19,1]",236.66272,44.5341821086,172,200,229,268,330.899863787638,2.5262354489236,6
"N.A[20,1]",949.72832,117.682751257606,767,856,935,1031,1191.89996222825,1.85394651273078,8
"N.A[21,1]",64.59936,8.97289985058081,48,58,64,70,83,1.06681595670955,55
"N.A[22,1]",613.992,45.204007618103,533,582,612,643,714.899937007131,1.33570854564244,14
"N.A[23,1]",742.36288,66.743197762235,624,695,739,786,874.899948534173,1.8692441664571,8
"N.A[24,1]",435.42688,31.1755312042037,381,412,434,457,499,1.14265691029393,27
"N.A[25,1]",848.75712,147.374070740609,688,753,793,870,1193,3.48874280409136,6
"N.A[1,2]",366.41472,49.1350946852768,290.099845165624,329,360,397,470,2.0336697659245,8
"N.A[2,2]",307.33376,48.1690328540521,236,270,302,334,421.799572175006,1.95130523968849,8
"N.A[3,2]",492.00512,62.4588825518731,395,445,480,532,628,2.15645747934145,7
"N.A[4,2]",424.0304,44.4769866401602,346,393,420,450,522,1.54120295848746,11
"N.A[5,2]",426.4528,51.6443822469555,347.099870553203,390,418,453,546.899917637712,1.5887151016891,10
"N.A[6,2]",538.624,66.4082338353217,419,489,541,586,663,2.01305968312437,8
"N.A[7,2]",436.66944,65.8262990195563,324.099861381996,391,437,472,583.899922861538,2.07278033640315,7
"N.A[8,2]",460.05376,63.419626028,363,410,454,501,594.899924289147,2.06028080097762,7
"N.A[9,2]",743.19136,89.3220223513049,579,671,749,810,909.899950515007,1.99585806644488,8
"N.A[10,2]",383.72,46.832102650515,301,348,383,417,477.899905732816,1.56710360933959,10
"N.A[11,2]",144.96704,21.3597441467075,114,130,141,154,201,1.4181466266572,13
"N.A[12,2]",534.48704,61.4291820411797,438,488,526,575,667,1.72157321637556,9
"N.A[13,2]",408.64768,66.3443011254997,311,358,390,458,552,1.75853089557274,9
"N.A[14,2]",454.92768,74.8023294699819,341,395,452,502,650.899930808252,1.42574082072286,12
"N.A[15,2]",190.37056,24.025307369783,148,172,190,207,238,1.23167855612094,19
"N.A[16,2]",354.5424,43.4220556193802,287,321,346,387,443,1.59950932485204,10
"N.A[17,2]",525.27968,44.4107946458465,447,494,522,553,625,1.34403357696738,14
"N.A[18,2]",892.23776,156.869533965018,660.099931883537,765,845,1024,1221,2.47624167506727,7
"N.A[19,2]",368.06048,74.3745744654328,267,306,356,413,537.89991625828,2.88820773425892,6
"N.A[20,2]",839.75552,118.349651264019,659,745,818,925,1077,1.87563272385005,8
"N.A[21,2]",167.70976,22.4907560490271,128,154,165,179,224,1.33590700084881,15
"N.A[22,2]",301.86464,28.4423611432098,251,282,300,319,365,1.23300892366146,19
"N.A[23,2]",372.48544,41.9869979703948,298,342,369,401,459,1.71875644893424,9
"N.A[24,2]",408.84384,38.4536062236107,342,380,407,436,486,1.22150198428953,19
"N.A[25,2]",463.70112,98.3370221489427,356.099873819926,400,426,480,699,3.25653884395686,6
"N.A[1,3]",218.88512,34.0768683586371,164,192,215,242,291,1.74668745274116,9
"N.A[2,3]",291.99392,45.9136962641333,221,257,288,319,395,1.85693377023092,8
"N.A[3,3]",634.21504,75.0628790898665,516,578,623,682,801.899943845925,1.96489872906023,8
"N.A[4,3]",682.08128,61.9593268215469,567,640,680,722,813,1.49179590637679,11
"N.A[5,3]",400.58848,48.5008176907455,323,367,394,425,515,1.52620438556362,11
"N.A[6,3]",633.39808,75.601579639209,494,577,636,688,779,1.92941760417443,8
"N.A[7,3]",204.26912,37.634124929119,146,179,200,223,296,1.83889287160462,8
"N.A[8,3]",412.86464,57.4865840350641,324,369,404,450,538,1.81622406604693,8
"N.A[9,3]",700.31904,89.3601578421696,537,631,703,766,868,1.85413575669203,8
"N.A[10,3]",334.14688,44.9318575762196,258,300,333,365,427,1.4273065311942,12
"N.A[11,3]",223.968,26.9483595884247,182,205,219,238,288,1.33526403186662,15
"N.A[12,3]",380.66784,47.9406283538861,307,345,373,410,490,1.57686951041037,10
"N.A[13,3]",697.7808,95.6621456487112,555,626,674,767,901,1.71178439543371,9
"N.A[14,3]",854.59648,119.704747959922,670,763,843,929,1153.89996098378,1.43093706724294,12
"N.A[15,3]",268.01632,32.7175383181246,210,244,266,290,334,1.21527124307014,20
"N.A[16,3]",454.54976,48.8095134363682,372.099879237806,417,449,491,552,1.50788357285264,11
"N.A[17,3]",669.8192,56.3237021721445,574,629,666,705,798.899943634916,1.28907782303271,16
"N.A[18,3]",879.39808,151.822406601003,658.099931676695,758,837,1007,1199,2.29604646378569,7
"N.A[19,3]",275.22176,58.0451646536307,193,228,265,312,402,2.49486963789318,7
"N.A[20,3]",991.4848,137.236641665486,776,884,971,1090,1276,1.81908543638135,8
"N.A[21,3]",94.288,13.2169526029094,71,85,93,102,125,1.15744403591339,27
"N.A[22,3]",451.83936,39.4712871489307,385,424,449,477,537,1.24824267037394,18
"N.A[23,3]",568.68064,55.0565105994323,469,528,568,606,680,1.58535398968433,10
"N.A[24,3]",350.43648,31.5647244783737,294,327,348,372,414,1.20606555895179,20
"N.A[25,3]",708.84768,123.061009269624,565,630,666,729,1009.89995541759,2.95190007141093,6
"N.A[1,4]",302.66944,39.1420699837405,238,273,299,329,384,1.70034827362962,9
"N.A[2,4]",313.8704,46.8648945983092,239,279,308,342,422.899893457466,1.7585897262436,9
"N.A[3,4]",554.1744,70.353215197348,442.099898335688,502,543,598,708.899936473571,1.97704421147182,8
"N.A[4,4]",501.32256,48.3329152614412,415,469,497,530,608,1.45847902333948,12
"N.A[5,4]",412.9552,49.8636608769988,336,377,404,439,529.899914992741,1.50533850498825,11
"N.A[6,4]",574.45888,71.6225031655045,443,523,575,625,711,1.88888239734769,8
"N.A[7,4]",308.912,50.6523222219759,227,274,305,337,427,1.85178349788512,8
"N.A[8,4]",467.41952,65.6819125736621,365,417,460,508,609.899926152825,1.93320035803221,8
"N.A[9,4]",826.37792,101.535365435953,643.099930084407,747,831,900,1020.8999558982,1.86688534615627,8
"N.A[10,4]",393.1536,48.6716975866541,306,357,392,425,494.899908974424,1.46432680766297,11
"N.A[11,4]",133.25952,19.4939214505734,104,120,130,143,182,1.3117749144225,16
"N.A[12,4]",463.38976,56.8246997530391,373,420,455,499,592,1.56708911626558,10
"N.A[13,4]",509.59008,76.603979138632,395,453,490,563,676,1.69761596718461,9
"N.A[14,4]",734.3584,106.778437114065,565.099920443147,655,727,797,1012,1.43227267514721,12
"N.A[15,4]",218.4112,25.5596050135894,171,200,218,235,271,1.16459538659528,24
"N.A[16,4]",389.04832,44.1198740413993,318.099858771757,356,383,421,480,1.54595028394468,10
"N.A[17,4]",630.24672,53.0120742741466,538,593,625,663,748,1.26492950039072,17
"N.A[18,4]",959.3584,160.707071012745,714.099937030638,830,917,1090,1289,2.33429871730951,7
"N.A[19,4]",331.27712,67.3657673556923,235,276,322,375,480,2.53226960025958,6
"N.A[20,4]",894.28448,119.30782030129,705,801,876,977,1141,1.78245308941409,9
"N.A[21,4]",114.82144,15.7880727311278,88,104,114,124,151,1.15617714570092,27
"N.A[22,4]",312.70048,28.7323828408503,263.09982930824,292,311,330,374,1.19867760320972,21
"N.A[23,4]",388.32704,41.8177397322287,314,358,387,417,473,1.5677412059396,10
"N.A[24,4]",302.12608,28.7982758660187,252,281,301,322,361.899875472687,1.18057651485287,22
"N.A[25,4]",574.76416,104.076831885457,455,507,538,596,828,2.97215973803055,6
"N.A[1,5]",295.89568,38.6506232285316,234,266,292,322,377,1.72673229854608,9
"N.A[2,5]",342.74848,50.3505391655716,268,305,336,372,458.899901825295,1.8288452905546,8
"N.A[3,5]",703.96224,81.5429384707408,569,642,690,759,875.899948592967,2.01689387878276,8
"N.A[4,5]",631.97152,58.0375680388732,527,592,628,668,756,1.44875410717929,12
"N.A[5,5]",405.35776,47.9822377784521,333,372,398,429,522.899913853597,1.47981079769321,11
"N.A[6,5]",648.68928,77.8182271036282,506.099911178347,592,650,702,799,1.92588809896531,8
"N.A[7,5]",254.47072,41.7581160921402,190.099763944368,226,249,275,357,1.778508070748,9
"N.A[8,5]",464.98368,66.0964941017904,362,413,458,507,613,1.87531945827051,8
"N.A[9,5]",755.08544,97.2429409297447,584,678,755,828,942.899952247884,1.80206593625516,8
"N.A[10,5]",362.95136,47.8285677932916,283.099841344344,325,360,396,462,1.51785317251374,11
"N.A[11,5]",163.1728,20.9002622679266,130,149,160,174,214.899790079038,1.22747037750866,21
"N.A[12,5]",460.52704,55.6215633679788,373,420,453,494,589,1.57246340063714,10
"N.A[13,5]",674.11872,99.8575986010132,528,600,648,748,886,1.73804771271804,9
"N.A[14,5]",905.71296,127.950941809592,714,808,890,983,1254.69967680142,1.46755485082641,12
"N.A[15,5]",305.18144,34.3825829653625,245,280,304,329,376,1.1899062576505,21
"N.A[16,5]",403.74016,46.8769707564208,330,368,397,436,503,1.50878271401097,11
"N.A[17,5]",674.86496,57.370627751974,575,634,669,711,802,1.33122514735891,14
"N.A[18,5]",1038.90784,172.049282626645,774,900,999,1181,1396.89996777351,2.32106043818011,7
"N.A[19,5]",322.52384,63.0845759599452,233,271,312,362,463,2.39159693251374,7
"N.A[20,5]",1005.54304,136.152398068188,792.099943227212,899,984,1102,1292,1.76793090796981,9
"N.A[21,5]",81.79872,12.0097377647464,61,74,81,89,108,1.10707037716153,37
"N.A[22,5]",351.5056,31.4654005456482,297,330,350,370,421,1.21247115494629,20
"N.A[23,5]",492.8224,48.3074090806686,405,458,491,525,588,1.53877388008891,10
"N.A[24,5]",313.20576,29.7713367052766,261,291,312,333,374,1.16843859354649,23
"N.A[25,5]",698.70112,122.597350648654,558,620,655,723,992.899954653855,2.91757039561804,6
"N.A[1,6]",320.66336,43.3003455862343,252,288,315,349,416.899891922148,1.7155731756029,9
"N.A[2,6]",359.28768,55.3915823296587,274,316,353,392,490.899908231913,1.81576397992209,8
"N.A[3,6]",717.5952,89.1434250690121,582.099922764447,651,701,772,921.799804503603,1.98742836327941,8
"N.A[4,6]",608.33024,57.6939006231726,504,568,605,644,730.899938387104,1.4770266723552,11
"N.A[5,6]",460.91264,51.7724236545165,383.099882700449,424,452,487,586,1.50098407407844,11
"N.A[6,6]",559.34944,68.9949440787156,433,510,559,608,691.899934911519,1.92097757372464,8
"N.A[7,6]",294.64864,46.9482927448031,218,262,291,321,404,1.76330399755818,9
"N.A[8,6]",545.41728,72.2854321159138,432,490,538,592,709,1.88166700687394,8
"N.A[9,6]",912.4576,109.024535926822,715,827,916,993,1112,1.91005769867907,8
"N.A[10,6]",461.4096,54.3801225735466,366,420,459,499,573,1.44297925838781,12
"N.A[11,6]",150.57664,21.1235080216228,116,136,147,162,201.899776526745,1.28379193226906,17
"N.A[12,6]",516.19808,62.036404548218,420,470,507,554,659,1.63160140162748,10
"N.A[13,6]",744.88288,99.3295823005413,599.099924954126,670,718,819,962,1.70922632365431,9
"N.A[14,6]",865.15104,124.013129582868,677,771,853,943,1173,1.4272380545475,12
"N.A[15,6]",244.82464,29.2342185378903,191,224,244,264,306,1.18823632952975,22
"N.A[16,6]",397.79296,45.4382523603981,325,363,392,431,493,1.51967218195287,11
"N.A[17,6]",644.07168,52.9885715448737,554,606,640,677,763,1.27903689031932,16
"N.A[18,6]",1125.36992,182.204214878492,845.099946785443,979,1077,1276,1493,2.39982771681328,7
"N.A[19,6]",405.90656,79.1113065281379,295,342,392,455,588.799693738451,2.58995563048109,6
"N.A[20,6]",1028.16928,134.986653974539,818,921,1011,1120,1315,1.75251940648568,9
"N.A[21,6]",107.56352,15.4200328787611,80,97,106,117,141,1.13505579615229,30
"N.A[22,6]",262.4992,25.9192534194815,218.099794175691,244,261,278,321.899859972953,1.19845085294217,21
"N.A[23,6]",423.43616,43.4621213284777,348,392,420,452,514,1.58985296732881,10
"N.A[24,6]",298.1424,28.0040217525087,248,277,296,318,354,1.16331990860687,24
"N.A[25,6]",599.28032,109.549353992641,472,528,561,624,866,2.9065472064511,6
"N.A[1,7]",334.86048,42.1693781817517,266,303,331,363,426,1.73779198571265,9
"N.A[2,7]",277.18976,43.4337342132595,210,244,273,302,376,1.79489546728821,9
"N.A[3,7]",814.5568,96.3282094374161,665.099932395204,741,799,879,1026,1.99225687517247,8
"N.A[4,7]",664.18432,62.3792965867943,551,620,660,702,799.899943705428,1.50898886964658,11
"N.A[5,7]",441.52512,51.6108235320791,361,406,433,468,566,1.49387916671754,11
"N.A[6,7]",541.9776,66.3805629651079,419,495,541,589,671,1.9094093206095,8
"N.A[7,7]",288.50176,45.9706777623613,216,255,285,314,391,1.74001010713495,9
"N.A[8,7]",520.96128,71.5050706789672,409,465,513,566,681,1.93873563829132,8
"N.A[9,7]",932.66304,112.959538297091,727,844,939,1016,1147.89996077975,1.90161152119101,8
"N.A[10,7]",445.01152,51.8348899984592,355,405,444,480,548,1.40795311790237,12
"N.A[11,7]",143.11584,19.0673050264874,114,130,140,153,189,1.32359497957463,16
"N.A[12,7]",488.94848,59.1527696878291,396,447,479,522,624.899927926955,1.61405645429348,10
"N.A[13,7]",822.0736,114.342860361935,654.09993125922,736,791,908,1066.89995780063,1.76671085626839,9
"N.A[14,7]",1043.65792,147.07136695192,821,931,1028,1134,1420.89996831804,1.40759155056213,13
"N.A[15,7]",293.2416,32.9425089555549,234,270,293,316,360,1.19946442897306,21
"N.A[16,7]",389.2848,43.917490908321,318,356,383,419,482,1.564939699037,10
"N.A[17,7]",655.44512,55.5048296974589,558,616,652,689,773,1.29888470580615,15
"N.A[18,7]",1181.40416,190.138441498067,891,1029,1132,1335,1581,2.38410267302498,7
"N.A[19,7]",384.37248,73.832657694811,281,322,371,437,549,2.43049838981727,7
"N.A[20,7]",1189.75328,154.310187778184,943,1070,1168,1299,1510.89997020591,1.79071417881864,9
"N.A[21,7]",106.00192,13.6232927894712,82,97,105,114,137,1.13893645401061,29
"N.A[22,7]",306.57216,29.371505447299,257,285,304,325,370,1.22607602795595,19
"N.A[23,7]",471.216,46.1235370045822,387,437,470,503,563.899920123055,1.57347840283889,10
"N.A[24,7]",280.1696,26.1948286868989,234,261,278,298,332,1.13724081963563,27
"N.A[25,7]",628.24672,106.151506700572,503,558,591,654,880,2.93788883693684,6
"N.A[1,8]",398.25376,50.54827996101,317,360,393,432,504.899910779175,1.81810427166858,8
"N.A[2,8]",300.00288,46.9652423243116,229,265,295,328,411,1.885300080565,8
"N.A[3,8]",889.15424,105.843284086776,725,810,870,958,1121.89995987039,2.07718298927159,7
"N.A[4,8]",603.29888,56.9287266001756,500,564,599,639,726,1.46310097889923,12
"N.A[5,8]",411.04128,45.9930813524375,338,379,403,436,522,1.48995326433696,11
"N.A[6,8]",563.63968,67.4662344524339,437.099897174163,516,566,609,697,1.90274390582584,8
"N.A[7,8]",302.74304,49.1670395574884,223,267,298,330,416,1.77700724419987,9
"N.A[8,8]",524.94976,73.8815475644966,412,469,514,573,689.899934722684,1.93459848276077,8
"N.A[9,8]",979.10464,123.254762529267,760.099940838769,881,984,1070,1214.89996294365,1.89419418137865,8
"N.A[10,8]",510.86816,61.4336397072683,404,465,510,552,637.899929396988,1.51006613617345,11
"N.A[11,8]",137.0512,18.821826216536,107,124,135,147,181,1.29782913612092,16
"N.A[12,8]",540.5328,66.176218519701,438,491,529,581,693.899935099266,1.61758261562363,10
"N.A[13,8]",833.93536,116.308999102896,663,745,802,923,1079.69962433895,1.80223255119893,8
"N.A[14,8]",1159.5616,156.041151734314,920,1039,1148,1257,1549.69973838894,1.44361350119576,12
"N.A[15,8]",278.09184,33.4437085195265,218,254,278,301,347,1.20780739628699,20
"N.A[16,8]",376.50016,42.6261975508495,308,343,371,408,463,1.52479902746836,11
"N.A[17,8]",666.91328,53.6963158310552,574,628,663,701,784,1.30167519181185,15
"N.A[18,8]",1247.63712,206.440974514296,935,1081,1192,1417,1669.89997304367,2.38205409002195,7
"N.A[19,8]",452.25856,84.8783249854941,333,384,438,506,649,2.48885800795621,7
"N.A[20,8]",1327.74176,173.511275726391,1052.09995725007,1191,1300,1447,1687,1.82270852704969,8
"N.A[21,8]",86.83488,12.6416025337882,66,78,86,94,114.899606526964,1.12419436772786,33
"N.A[22,8]",279.18816,27.0667558229842,234,260,277,296,337,1.19996138901627,21
"N.A[23,8]",394.16992,42.5499509595267,318,363,394,423,480,1.52315578055326,11
"N.A[24,8]",253.17152,23.9790112106977,212,235,252,269,303,1.1387317926979,27
"N.A[25,8]",578.58272,101.778858005489,458,514,543,599,829.899945741726,2.89540356562665,6
"N.A[1,9]",378.99648,50.2018172857957,299,341,374,411,489,1.79849123907139,8
"N.A[2,9]",341.50656,52.8416785759566,261.099828003421,302,335,370,467.899903715829,1.81665124546017,8
"N.A[3,9]",937.47744,112.973425058164,765,853,919,1005,1195.89996235465,2.03398480670557,8
"N.A[4,9]",623.24576,60.6743877105167,513,581,620,661,758,1.46089353550461,12
"N.A[5,9]",414.05536,47.1135585074708,341,381,406,441,522.899913853597,1.4914751434294,11
"N.A[6,9]",607.59904,75.9117702472697,468.099903976075,551,610,660,754,1.8924988368911,8
"N.A[7,9]",285.31232,47.2431500758672,210,251,282,311,395.899886181561,1.75137430774293,9
"N.A[8,9]",557.22816,76.8914093734907,436,497,548,607,723,1.90933878940937,8
"N.A[9,9]",1096.29408,132.356165426481,859,992,1102,1195,1348.89996662629,1.94697222565913,8
"N.A[10,9]",428.09088,55.2734622637971,334.099865524385,386,426,467,541,1.46160270033752,11
"N.A[11,9]",123.01696,17.430308470233,95,111,121,133,163,1.23427223272292,20
"N.A[12,9]",533.03104,62.7618458324158,435,486,523,572,679,1.60382422165767,10
"N.A[13,9]",968.3248,131.297303320194,777,868,933,1067,1257,1.76835272354368,9
"N.A[14,9]",1177.34592,165.098724064524,923,1049,1163,1283,1592.99716564538,1.46432013204344,12
"N.A[15,9]",289.94432,34.084319221586,231,265,289,314,357,1.20227715050466,20
"N.A[16,9]",360.79264,43.4489694005719,291,328,355,392,450,1.48208111146353,11
"N.A[17,9]",690.33888,57.5867327994899,588,652,685,724,819.899945079528,1.28909764263457,16
"N.A[18,9]",1403.21344,229.498517087926,1054,1220,1339,1605,1864.79990341965,2.41721901556312,7
"N.A[19,9]",520.75552,103.695563626911,376,437,502,584,761,2.60423331946965,6
"N.A[20,9]",1462.09216,188.482394781953,1170,1310,1430,1597,1851.89997569363,1.81823424411765,8
"N.A[21,9]",74.58656,11.3283526370744,54,67,74,81,99,1.12473223340161,31
"N.A[22,9]",239.09504,23.974970764316,196.099771147308,223,237,254,290,1.19688996946671,21
"N.A[23,9]",447.83936,45.2701075460874,367,416,446,476,542,1.52306696558086,11
"N.A[24,9]",247.99328,23.265370911214,207,231,246,263,298,1.16488992105136,24
"N.A[25,9]",592.29472,107.96659386795,464,523,554,615,858,2.87773331657118,6
"N.A[1,10]",419.71392,55.1294549257448,333,376,414,455,538,1.83680374696048,8
"N.A[2,10]",382.01824,57.9926481066127,294,338,374,414,518,1.80599415256984,8
"N.A[3,10]",971.49664,117.536676944889,794.099943370103,882,947,1043,1236.89996360303,2.10129109508439,7
"N.A[4,10]",664.97184,61.6403064218101,553,622,662,705,792.899943208105,1.44102733916419,12
"N.A[5,10]",453.92768,54.3972020200087,370,416,444,483,584.899922993542,1.51654218149415,11
"N.A[6,10]",601.88992,74.2111353910633,464.099903149411,545,603,656,738,1.82496990698597,8
"N.A[7,10]",281.77888,46.076531997557,208,250,278,307,391,1.79664369240228,9
"N.A[8,10]",571.9024,80.851441422065,445.099899020092,509,562,624,752,1.88901470770601,8
"N.A[9,10]",1165.93664,143.746040923847,907,1050,1170,1271,1437,1.91371931567158,8
"N.A[10,10]",582.84736,69.2034896546708,467,530,579,632,726,1.48330711507475,11
"N.A[11,10]",122.74496,17.425015253035,95,111,120,133,163,1.22620385313372,20
"N.A[12,10]",556.77152,65.7258128841551,451,506,550,601,698.899935563927,1.59560829369055,10
"N.A[13,10]",1042.84512,147.157835772843,825.099945496382,932,1001,1153,1362.89996696924,1.74101094896577,9
"N.A[14,10]",1247.36256,175.819453485438,978.099954017505,1114,1232,1354,1716.49934357645,1.42974114001703,12
"N.A[15,10]",305.22368,35.8848485911853,241,279,303,330,380,1.19711198197563,21
"N.A[16,10]",378.09888,43.5656834303432,307,345,372,409,468,1.48396926920497,11
"N.A[17,10]",670.0848,55.0462049196522,571,632,666,704,787,1.27023823454805,16
"N.A[18,10]",1579.29664,264.522205956121,1188.09996214139,1366,1502,1800,2132,2.413280318665,7
"N.A[19,10]",602.96256,118.148139692415,440,506,584,677,869,2.76485278460999,6
"N.A[20,10]",1551.8432,210.473813967907,1227.0999633441,1387,1513,1706,1998.79990989788,1.85741782617736,8
"N.A[21,10]",65.22656,11.0053472557766,46,57,64,72,90,1.10821598989849,36
"N.A[22,10]",231.41632,22.9814360845236,191,215,230,246,279.89983892125,1.15502539632826,26
"N.A[23,10]",423.83168,42.794829074833,347.099870553203,392,422,452,509,1.5210008174755,11
"N.A[24,10]",220.89408,22.0936194843809,182,205,219,236,265,1.15025025856696,25
"N.A[25,10]",608.79488,107.620253316192,483,538,572,633,868.899948178569,2.81359111029732,6
"N.J[1,1]",711.05248,92.0663579947497,555,640,706,776,894.899949685062,2.1654699746203,7
"N.J[2,1]",468.11488,63.9015521976191,361,418,465,513,603.899925418473,1.76820845329661,9
"N.J[3,1]",437.11616,49.3936759325066,349,401,435,472,537,1.67758515820482,9
"N.J[4,1]",280.7104,30.742356471716,223,258,279,302,340,1.34260857883466,14
"N.J[5,1]",659.63584,78.4676866257991,539,598,645,720,818,1.55575441061902,10
"N.J[6,1]",608.1984,70.2034928416692,468,560,617,657,732,1.73808586997477,9
"N.J[7,1]",898.67104,129.849762775309,651.099930942749,807,911,997,1131.8999602251,2.19622568911999,7
"N.J[8,1]",712.53024,83.9095764915485,558,643,724,771,865,2.02393107358046,8
"N.J[9,1]",1075.88928,121.489132748909,822,1009,1099,1157,1283,2.3671266496704,7
"N.J[10,1]",637.97056,73.0386197711826,503,585,638,687,778,1.81789594317707,8
"N.J[11,1]",92.39168,14.5512536659987,67,82,91,102,124,1.27066258406752,17
"N.J[12,1]",913.72,98.7328584451385,736,835,921,990,1087,1.8684903074003,8
"N.J[13,1]",258.9008,33.4645035630232,201,234,255,281,327,1.60805955937899,10
"N.J[14,1]",124.22528,19.0675009162392,90,112,123,136,167,1.39953583268377,13
"N.J[15,1]",141.26592,20.617375946873,105,126,140,155,183,1.33318389637547,14
"N.J[16,1]",420.23392,44.6427059239817,341,385,419,455,501,1.39083506850978,13
"N.J[17,1]",643.30784,59.8020739331785,545,598,636,685,771,1.16580352934009,23
"N.J[18,1]",1235.5152,190.078283057641,911,1087,1233,1368,1654.89997279926,2.39662515420463,7
"N.J[19,1]",604.34336,105.510970257413,439,528,594,655,844,2.75511703322642,6
"N.J[20,1]",1046.59616,130.172721309858,812,961,1055,1132,1310.79986256743,1.80283188661965,8
"N.J[21,1]",356.18784,53.7854452045483,274,323,345,374,495.899909158179,1.50715755352441,12
"N.J[22,1]",222.45312,27.5042679849503,177,202,220,240,280,1.37697177838975,13
"N.J[23,1]",287.27424,32.68290390294,228,263,285,312,347.899870453829,1.31916707433599,15
"N.J[24,1]",672.5168,77.4440576417616,557,617,657,711,852,1.39249701872394,13
"N.J[25,1]",399.68832,58.4593175888818,314,354,389,437,527.899914670357,1.80322521873764,8
"N.J[1,2]",193.28032,36.4540668290093,128.099650167209,168,191,217,271,1.18252731973328,22
"N.J[2,2]",397.77824,59.7786337893471,290,353,395,438,520,1.33741044172395,14
"N.J[3,2]",948.62624,115.89555743486,736.099938911256,866,945,1027,1187,1.45143148105833,12
"N.J[4,2]",1173.43808,121.383835897994,941.299570473817,1087,1176,1260,1403.89996793425,1.41519212422615,12
"N.J[5,2]",584.90144,72.1091070350199,461,532,579,632,735.899938806032,1.26914098552491,16
"N.J[6,2]",979.63104,117.323607742761,757,896,986,1060,1201,1.60772468029167,10
"N.J[7,2]",90.3712,24.9865482888398,49,72,88,107,144,1.0918293213053,38
"N.J[8,2]",515.6064,70.8658085902129,385.099883308797,466,515,563,654.899931231206,1.3636594348682,13
"N.J[9,2]",899.5744,114.493425762765,671,829,907,976,1121.89995987039,1.69837224168313,9
"N.J[10,2]",411.34368,61.4597837749575,301.099850812149,367,408,452,537.89991625828,1.28827061104853,16
"N.J[11,2]",392.43616,50.3572274511664,305.099852764659,357,388,423,505,1.18707987448143,22
"N.J[12,2]",391.68512,57.3324429400136,289,351,388,430,511.899912000502,1.23767493950057,18
"N.J[13,2]",1169.13216,137.516464405863,918,1071,1159,1269,1442.89996880128,1.58216878194623,10
"N.J[14,2]",1442.84448,179.419745501865,1117,1314,1437,1560,1833.89997545499,1.52026679805324,11
"N.J[15,2]",431.81952,62.4553981937025,321.09986008905,388,427,474,558,1.21649410332781,19
"N.J[16,2]",729.76512,80.7918667665316,581,670,728,786,884,1.31033693090384,15
"N.J[17,2]",1084.04544,108.277367586548,897,1004,1075,1156,1312,1.16742637293936,23
"N.J[18,2]",1147.6432,167.051541158198,858.09994759113,1024,1142,1261,1494.89996988691,1.816292048487,8
"N.J[19,2]",286.75744,54.8622011972256,194,247,282,321,406,1.45190992360812,12
"N.J[20,2]",1438.88064,180.031853134372,1101,1315,1440,1556,1811,1.5802255751103,10
"N.J[21,2]",89.90784,20.9372382198935,56,75,88,102,137.899672408602,1.07626804871493,47
"N.J[22,2]",792.77728,85.2007477043048,647.099930516229,730,785,851,973,1.29809547622899,15
"N.J[23,2]",1014.8672,105.984008602173,826,935,1008,1094,1219.8999630956,1.34888331523094,14
"N.J[24,2]",518.81792,59.5566080593407,421.099893272161,476,512,554,660,1.21716385058295,20
"N.J[25,2]",1222.24448,171.863477234309,967,1096,1185,1324,1606,1.93232957752451,8
"N.J[1,3]",469.36416,65.0207629251614,350.099871660744,424,466,514,601,1.4323954814789,12
"N.J[2,3]",443.1664,65.2124163177338,323.099860953677,395,441,487,579.899922328966,1.33551084686596,14
"N.J[3,3]",674.16512,91.8491512246652,508.099911527603,610,670,733,868.899948178569,1.42147227355234,12
"N.J[4,3]",559.54144,68.7931168101936,431.099895744812,512,555,606,701,1.23412761305659,18
"N.J[5,3]",630.64608,78.6199927097095,503,574,620,680,806.799776600947,1.33513433307299,14
"N.J[6,3]",790.02368,99.7351426069681,599,724,793,857,982,1.49186862941972,11
"N.J[7,3]",514.3232,79.9060779651626,369,455,514,572,666.899932469603,1.6333409209062,10
"N.J[8,3]",688.56352,93.071267148651,516,621,691,752,875.699536665969,1.56897311827974,10
"N.J[9,3]",1193.55552,145.292604693573,902,1098,1203,1293,1468.8999693537,1.72723649172529,9
"N.J[10,3]",571.87936,74.8913286939598,428.099895015131,520,569,622,725,1.38348038188936,13
"N.J[11,3]",139.0768,25.4731510382132,95,121,137,155,193,1.07810885994285,45
"N.J[12,3]",715.45152,88.1974161789347,556,651,714,776,892.899949572294,1.4217373747696,12
"N.J[13,3]",509.38592,76.9298626734788,376,453,504,558,677,1.3575478925387,14
"N.J[14,3]",830.13344,116.840767022965,618,747,828,904,1085.79983406057,1.40962761148508,12
"N.J[15,3]",237.09536,44.2227497446822,157,206,234,265,333.899865013428,1.09927968224503,36
"N.J[16,3]",510.89632,62.1819961296134,400,466,510,553,637.899929396988,1.25710192286315,17
"N.J[17,3]",857.19584,92.7402788958492,699,791,851,917,1055.89995736079,1.13144658480113,28
"N.J[18,3]",1309.75392,193.74902565901,960,1159,1313,1442,1699.89997351955,1.92634123879147,8
"N.J[19,3]",494.95392,89.3322528378226,341,432,487,549,694,1.84691820906352,8
"N.J[20,3]",1082.288,136.431407913651,832.099945954598,984,1085,1173,1360.89996692068,1.45265102345665,12
"N.J[21,3]",192.99328,32.9693182693347,140,170,189,211,269,1.15777374656494,27
"N.J[22,3]",357.42848,50.8150007130256,269.099833106555,321,353,390,467,1.17291664179153,23
"N.J[23,3]",475.05792,59.3523531956329,369,432,471,516,598.899924795264,1.24491226760748,18
"N.J[24,3]",471.98272,57.2546456772385,380,431,465,506,603,1.21746437472504,20
"N.J[25,3]",716.00064,104.9634013387,555,639,700,781,950,1.70247647944512,9
"N.J[1,4]",390.74784,59.6318713655778,284,348,388,429,520,1.3526712456767,14
"N.J[2,4]",477.35136,71.9535261493591,349,423,474,526,626.899928157086,1.40024655944558,12
"N.J[3,4]",1066.22784,122.945247406191,842.199786544321,976,1065,1150,1312.8999657108,1.56057030131999,10
"N.J[4,4]",1022.12288,103.997495805565,832,946,1022,1098,1215,1.34741892965711,14
"N.J[5,4]",580.76992,73.5901408207507,455,529,572,626,741.899939301284,1.26863410522358,17
"N.J[6,4]",985.22464,118.811822377212,759,901,991,1069,1206,1.57938403216122,10
"N.J[7,4]",300.13056,50.5786387486818,211.099787367814,264,297,333,403,1.32967822781588,14
"N.J[8,4]",640.85728,86.8555623744992,482,578,641,700,814.89994474233,1.46676926133627,11
"N.J[9,4]",955.78656,122.470590992193,723,868,958,1039,1201,1.65766786886206,9
"N.J[10,4]",471.30528,66.7115274975018,351,424,468,516,607,1.40363701682442,12
"N.J[11,4]",264.18528,38.8088561034909,198,237,260,288,350,1.11536052875388,33
"N.J[12,4]",611.59392,80.0012157487648,464,554,612,667,766,1.37026515470944,13
"N.J[13,4]",1050.33216,131.035205581427,836,953,1033,1139,1329.89996614929,1.55884545795036,10
"N.J[14,4]",1320.72992,167.811735304524,1026.09995616741,1204,1312,1425,1701.89997355068,1.48433994899527,11
"N.J[15,4]",481.77664,65.6278553301635,365,435,478,526,618,1.18588175116086,22
"N.J[16,4]",593.10272,70.7992374171335,470,538,591,643,736.899938889134,1.25252825451486,17
"N.J[17,4]",1005.67904,104.377364153372,827.099945628091,928,998,1075,1222,1.16599275267072,23
"N.J[18,4]",1404.6864,208.144750332333,1033.09995646425,1249,1405,1543,1851.4993915079,1.92942013981645,8
"N.J[19,4]",406.08512,73.6114252001685,281.09984021766,354,402,448,566,1.60317618343717,10
"N.J[20,4]",1424.94112,178.292137125329,1097.29963144947,1298,1425,1544,1789.89997485144,1.55316760583016,10
"N.J[21,4]",101.9648,22.5187795294967,64,86,100,115,151,1.06995815469067,50
"N.J[22,4]",550.42304,63.6334854279417,439.099897641944,505,546,591,691,1.25948276254287,17
"N.J[23,4]",830.84672,86.2652231529821,678,766,828,891,996.899954835901,1.334553920443,14
"N.J[24,4]",533.376,60.3590335586835,432,491,526,571,667,1.18166355289604,23
"N.J[25,4]",1126.78336,161.536177764806,891.09994953082,1005,1094,1227,1493.89996986674,1.88954145032656,8
"N.J[1,5]",457.38528,67.2594069571339,340,409,454,499,601,1.42801481205411,12
"N.J[2,5]",509.07712,76.7992927997742,371,454,506,560,670,1.38880393798926,13
"N.J[3,5]",992.4208,122.068070533576,779,903,982,1074,1246,1.51941292068291,11
"N.J[4,5]",871.42048,93.727691309492,696.0999354036,805,869,934,1061.89995760183,1.31714182487048,15
"N.J[5,5]",700.5872,84.2749058693213,561.099919876536,636,691,758,878,1.31409318932653,15
"N.J[6,5]",726.57728,92.3157898380266,555,661,727,791,908.899950460531,1.48149688640561,11
"N.J[7,5]",447.6096,70.7546881847983,318,394,448,497,588,1.49612486824525,11
"N.J[8,5]",803.1328,99.118425088686,622.099927726313,731,806,872,999.899954971479,1.51926708960781,11
"N.J[9,5]",1324.73824,155.10446882183,1017.09995577975,1226,1339,1433,1606.79988790168,1.84450006439456,8
"N.J[10,5]",689.14816,86.7783030501063,532,628,687,747,868,1.35945778338826,13
"N.J[11,5]",221.83328,34.863397862586,162.099723303348,197,218,244,299,1.13407472735774,28
"N.J[12,5]",752.95808,94.6749501900873,580.199690331247,683,750,817,945,1.45159375149005,12
"N.J[13,5]",1009.72864,118.803598843561,791,923,1003,1092,1250,1.432041326164,12
"N.J[14,5]",1097.53056,139.491800239417,845.099946785443,997,1093,1191,1386.89996754105,1.40084348023656,13
"N.J[15,5]",271.00224,48.4674573832635,185.099757586232,236,268,302,370,1.1612622133667,24
"N.J[16,5]",563.11232,68.6170634803459,438.099897408587,514,561,610,699,1.25080590594839,17
"N.J[17,5]",869.72224,93.8623315996159,707.099936407737,803,864,930,1068,1.16551880676606,24
"N.J[18,5]",1529.1552,218.062946638219,1140.399369821,1359,1537,1677,1968.69979411313,1.96409885073041,8
"N.J[19,5]",591.79264,106.430890501091,416.099891991323,513,583,657,833,2.00371766602328,8
"N.J[20,5]",1367.78528,165.356661551592,1062.09995765237,1255,1369,1471,1707,1.49871713223912,11
"N.J[21,5]",193.09056,33.1076957387838,139,170,189,211,267,1.14779813027679,28
"N.J[22,5]",345.17856,46.1381476600507,266,311,343,375,445,1.17060278698426,23
"N.J[23,5]",576.68896,70.2668037533052,453,525,573,625,721.699437577548,1.29472085856159,15
"N.J[24,5]",471.16608,56.456023486088,377,431,464,506,595.899924416314,1.1648668998789,25
"N.J[25,5]",805.75808,117.216510535091,626,717,786,878,1073,1.68165095462738,9
"N.J[1,6]",450.32736,66.7051006893547,332.099864715832,403,447,492,590.899923776172,1.38164870809064,13
"N.J[2,6]",301.88064,52.2498015934577,209,264,300,337,407,1.19351500170468,21
"N.J[3,6]",1176.01024,138.53392054738,924,1074,1175,1271,1451.89996899474,1.49564700616931,11
"N.J[4,6]",1007.51744,106.729818969249,809,929,1008,1081,1219.8999630956,1.36295553756155,13
"N.J[5,6]",629.66304,78.9565638970743,497.099909571953,573,621,680,798.899943634916,1.27902682255224,16
"N.J[6,6]",761.15616,96.4023820671472,577,691,763,826,952,1.49679763079743,11
"N.J[7,6]",395.80352,65.1224576827986,280,347,394,441,523,1.45779190617987,11
"N.J[8,6]",691.69408,91.651408318479,519,627,692,755,871.899948356983,1.56071748993198,10
"N.J[9,6]",1238.6352,150.350284693959,936,1138,1250,1345,1513,1.78875347304318,8
"N.J[10,6]",566.97824,76.1153904499916,431,513,563,617,728.899938217924,1.32026297447118,15
"N.J[11,6]",202.1056,32.3516665775615,146,179,200,222,273.899835385801,1.12343324781334,30
"N.J[12,6]",666.15392,81.2107463821048,518,609,663,722,830,1.40162361034904,12
"N.J[13,6]",1153.408,141.350631043115,901,1053,1141,1249,1440,1.58427831050075,10
"N.J[14,6]",1510.0768,188.355680078063,1180.09996188486,1375,1506,1627,1927.69978973051,1.42766760695566,12
"N.J[15,6]",420.3376,63.5302735461622,306,377,416,462,551,1.19967064887543,21
"N.J[16,6]",539.45632,67.0376069463703,416.099891991323,492,538,586,675.89993336952,1.30751863410138,15
"N.J[17,6]",963.86816,101.409720422952,789.099943011519,888,955,1033,1176.89996174662,1.15395617646405,25
"N.J[18,6]",1565.81632,225.306579129703,1169.0999615264,1401,1573,1708,2039.19858471895,1.90054265162106,8
"N.J[19,6]",472.3968,83.981241366203,330,412,463,525,656,1.56138099525855,10
"N.J[20,6]",1686.68608,205.936160008079,1311,1542,1694,1823,2100.79991427482,1.56131640282842,10
"N.J[21,6]",154.14624,28.478680888469,106,134,152,171,218,1.13334249239578,30
"N.J[22,6]",497.61632,61.4441153491295,391.099885096561,453,494,535,626.899928157086,1.2529845824326,17
"N.J[23,6]",734.35104,82.5263778672761,588,675,729,792,901.899950075807,1.31208572686946,15
"N.J[24,6]",420.08672,54.1857474813741,332.099864715832,382,414,451,547,1.16856012889635,25
"N.J[25,6]",908.39264,125.622726988718,714,814,887,991,1189.79984857829,1.73467113456557,9
"N.J[1,7]",610.70784,79.0976969648753,465,553,608,666,767,1.54988738330026,10
"N.J[2,7]",422.616,66.966727840354,303.099851794835,374,419,468,563,1.4174857529713,12
"N.J[3,7]",1264.424,146.58788731265,1001,1155,1262,1369,1556.89997108651,1.53349908824427,10
"N.J[4,7]",812.02688,89.612602972022,645,746,813,875,983,1.29322061322451,15
"N.J[5,7]",550.91584,70.0691511051341,434,498,544,597,699,1.25195337666342,17
"N.J[6,7]",818.95072,101.51657996901,624,747,821,887,1016.89995572464,1.53528856191993,10
"N.J[7,7]",436.67552,68.9078161358309,310,387,436,484,579,1.49817850243763,11
"N.J[8,7]",726.50496,96.7576191687037,553,656,725,793,919,1.53670838717525,10
"N.J[9,7]",1352.82976,163.274820201261,1028.29960675774,1244,1362,1465,1654,1.83555248215683,8
"N.J[10,7]",757.15968,96.0527345951224,577,690,754,822,950.899952649851,1.50074712290487,11
"N.J[11,7]",208.44032,32.4599236786544,152,186,206,228,280.89983949578,1.11546840955345,32
"N.J[12,7]",796.8512,95.4824058311449,623.099927842204,726,794,866,982.899954192254,1.45460809117014,11
"N.J[13,7]",1106.02368,134.61774763905,865,1009,1096,1195,1384.89996749416,1.55903454475383,10
"N.J[14,7]",1601.84768,189.641738430872,1250,1464,1607,1727,1979.89997726546,1.52398054480725,11
"N.J[15,7]",363.60512,57.5088778930461,263,323,362,400,485,1.1731582987719,23
"N.J[16,7]",541.23968,64.2489194388925,424,495,540,586,668,1.25235184562673,17
"N.J[17,7]",953.78144,98.4499257269735,781,884,948,1021,1153.89996098378,1.17236978611021,22
"N.J[18,7]",1708.58368,241.675988481165,1275.0999647234,1524,1710,1867,2209.89997963217,2.00865392634864,8
"N.J[19,7]",625.28064,108.798970722705,446,549,616,689,878.899948768544,1.7831090990812,9
"N.J[20,7]",1866.71552,225.212714997552,1446.19987562761,1709,1882,2013,2287.79992128509,1.63714421314569,10
"N.J[21,7]",132.33792,25.7439074283586,90.0995034904183,114,129,147,192,1.12427684739803,32
"N.J[22,7]",393.59328,52.2285987111378,304,357,388,428,503.899910601926,1.17172539894816,23
"N.J[23,7]",567.19936,66.4688387869075,445,518,565,613,703,1.26453591334602,17
"N.J[24,7]",378.24864,48.1782056825625,297,344,373,409,486.89990747719,1.15811326407189,26
"N.J[25,7]",794.92384,115.304270795191,615,709,775,867,1051.79982869104,1.70022579727944,9
"N.J[1,8]",511.39488,71.2724945241699,381,461,508,559,660.89993185603,1.49916351704673,11
"N.J[2,8]",503.94016,74.2554718469026,376,450,500,552,665.899932368109,1.38204086166717,13
"N.J[3,8]",1311.16576,154.556923342953,1038.09995667383,1197,1301,1414,1636,1.55258531796149,10
"N.J[4,8]",924.52224,101.501836558194,732,854,922,994,1118,1.32013266486394,14
"N.J[5,8]",609.72768,76.4403084796297,485.099907337475,552,601,659,774,1.28935417873363,16
"N.J[6,8]",947.5792,116.184830077239,725,867,953,1026,1172,1.61138537348012,10
"N.J[7,8]",379.91776,63.4648114069065,264.099829953253,334,379,424,505,1.44701051456176,12
"N.J[8,8]",798.54272,101.221251979979,611.099926426497,724,801,870,994.899954745061,1.54825973748829,10
"N.J[9,8]",1518.54624,180.628243311484,1161,1399,1533,1645,1845.79990242491,1.87426120021791,8
"N.J[10,8]",516.85696,71.7388363926084,386.099883610611,466,512,565,666.899932469603,1.32558838254655,14
"N.J[11,8]",174.936,30.8537046130326,124,153,173,194,245,1.0933828572859,39
"N.J[12,8]",722.01056,87.3702012424559,562,660,722,782,893.899949628741,1.39973556706744,13
"N.J[13,8]",1382.08768,158.489551366464,1098,1266,1371,1491,1706.59957758034,1.58004687577047,10
"N.J[14,8]",1558.61664,193.751932570363,1216,1424,1553,1683,1979,1.53609103721618,10
"N.J[15,8]",404.03648,60.5193216870843,299.099849816345,361,399,444,535,1.17905588615411,22
"N.J[16,8]",534.29152,64.1911144616283,417.099892249944,488,531,579,665,1.25028555721874,17
"N.J[17,8]",1019.40192,104.406635703383,839,944,1011,1090,1245.89996386606,1.16533159998967,23
"N.J[18,8]",1958.75744,275.75564563758,1471,1740,1962,2149,2519,2.07137101714385,7
"N.J[19,8]",743.16992,132.428772888515,527.099914713483,649,729,823,1039,2.07385920735755,7
"N.J[20,8]",2007.61344,241.293200861891,1565.19988507703,1838,2010,2174,2498.79992793466,1.62221615865722,10
"N.J[21,8]",111.21888,22.2660427574552,75,96,109,124,162,1.10205433077813,37
"N.J[22,8]",326.56192,44.6151177148149,247,295,324,356,423.899893709123,1.19039308707235,21
"N.J[23,8]",727.25056,79.6679906617579,587,670,721,784,886.899949230939,1.29094776248457,15
"N.J[24,8]",390.3344,48.618091351452,313,355,384,418,501,1.17739955308407,24
"N.J[25,8]",889.31296,132.779234822703,690,793,863,970,1188.8999621329,1.79153259999047,8
"N.J[1,9]",609.20992,84.6542835588699,465,545,602,664,787.899942847461,1.55733413633681,10
"N.J[2,9]",548.14752,79.3648905330398,412,491,542,599,718,1.3763147002447,13
"N.J[3,9]",1343.94912,157.22593669519,1056.0999574119,1226,1340,1450,1662,1.59250584102843,10
"N.J[4,9]",983.72384,103.4608096826,790,913,982,1053,1192,1.34200812617394,14
"N.J[5,9]",705.98208,88.5231203052555,561,639,696,764,894,1.34787037667937,14
"N.J[6,9]",870.536,104.414367685953,668,798,875,940,1075.89995815381,1.51197963612562,11
"N.J[7,9]",371.32992,63.2420478076816,258.099826008355,326,369,415,500,1.48471662937893,11
"N.J[8,9]",810.89664,104.057361948949,614,736,815,883,1011.89995550575,1.54889686201223,10
"N.J[9,9]",1592.45152,191.095314709353,1209,1473,1608,1725,1940,1.84941198868036,8
"N.J[10,9]",908.69664,108.073679067314,711.09993676518,832,903,982,1134.89996033029,1.47947414115139,11
"N.J[11,9]",175.38976,31.292460384684,121,154,172,194,248,1.08957632733734,41
"N.J[12,9]",792.07104,96.9256024819638,609.099926185128,721,792,860,986,1.4499922667862,12
"N.J[13,9]",1453.87552,172.777599174019,1155,1326,1440,1570,1818,1.57722593216221,10
"N.J[14,9]",1673.27328,203.375256795083,1307.09996558668,1534,1670,1797,2136.8999789362,1.4884496081636,11
"N.J[15,9]",428.41984,63.1531509659416,319,382,424,470,560,1.16921380413649,23
"N.J[16,9]",547.78336,68.7456210564936,421,497,545,596,683.899934149545,1.22555550411122,18
"N.J[17,9]",940.00576,98.8028953558762,769,868,932,1001,1149.899960848,1.16574685485678,23
"N.J[18,9]",2227.89504,322.247120467393,1668.19989216821,1986,2227,2438,2916.89998456984,2.0367072232443,8
"N.J[19,9]",851.87104,146.362551522562,608.099926063847,745,839,944,1175.89996171407,2.11248275753763,7
"N.J[20,9]",2136.71456,260.735694212975,1662,1963,2139,2312,2671.69984832028,1.65080907425746,9
"N.J[21,9]",104.376,21.4087648234924,69,89,102,116,153.899706584801,1.08705854999186,45
"N.J[22,9]",339.64864,46.4319136088837,261,305,337,370,438,1.16283785552445,24
"N.J[23,9]",604.45696,72.5240290020408,475,550,602,653,754.899940347306,1.2728975854585,16
"N.J[24,9]",330.85984,43.5565794268792,256,300,327,357,424,1.13538917191854,29
"N.J[25,9]",893.90304,128.268084663537,692,801,871,976,1186,1.70349015054669,9
"N.J[1,10]",641.93024,105.863247362944,468.099903976075,564,630,708,874,1.54332193872651,10
"N.J[2,10]",479.52864,89.4972597501806,330.099863897498,415,471,535,678,1.37098698088132,13
"N.J[3,10]",1312.43936,172.111156648452,1013.09995560525,1184,1301,1430,1662.79989167936,1.42808416773693,12
"N.J[4,10]",771.02816,98.7268660756617,590.299315761777,703,764,835,982,1.18276127465627,22
"N.J[5,10]",607.5536,91.7335154627518,453,539,599,667,809,1.27760187615191,16
"N.J[6,10]",965.73504,134.259209768004,706,877,966,1054,1231.79985374571,1.45585561198613,12
"N.J[7,10]",464.74784,88.816671766697,308,402,460,525,645,1.51680589278566,11
"N.J[8,10]",612.04672,95.5352854933159,444,540,611,677,809.899944400967,1.40474943784724,12
"N.J[9,10]",1897.99712,246.868253063662,1406.09996800872,1745,1917,2071,2346.79992326493,1.84000144536392,8
"N.J[10,10]",714.2592,108.844704371202,529,637,707,785,948.799810073109,1.32957613517943,14
"N.J[11,10]",141.86496,32.6368046187649,88,119,138,160,215,1.05668636868919,60
"N.J[12,10]",812.60448,112.008186802488,608,729,809,889,1034.89995649512,1.36703297979234,13
"N.J[13,10]",1453.90336,198.090736990745,1132.09996026958,1305,1427,1585,1871.8999759534,1.52406749303687,11
"N.J[14,10]",1762.64512,250.114031252441,1343,1595,1739,1902,2371.8999810236,1.43903822205741,12
"N.J[15,10]",313.19584,62.6022240739199,204.099780094173,269,308,352,452,1.15128331639855,26
"N.J[16,10]",589.94272,84.3672402357313,441.099898105487,528,586,649,765,1.1884494151099,21
"N.J[17,10]",1061.07936,125.168455401124,855.099947407374,970,1050,1139,1337,1.08790431752194,40
"N.J[18,10]",2220.31904,366.101304048788,1614.09997212989,1950,2202,2440,3043.89998521375,2.02947300125667,8
"N.J[19,10]",631.66112,127.72706191366,424.099894026185,539,615,707,916,1.76912586043558,9
"N.J[20,10]",2299.83552,309.844662589351,1755.09997436822,2077,2294,2504,2952.39945069836,1.57841159871319,10
"N.J[21,10]",105.70016,28.5025553694125,61,86,102,122,173,1.11500254708287,33
"N.J[22,10]",337.60864,55.1864328518259,244,297,333,375,454.899900961017,1.14640760564591,26
"N.J[23,10]",564.86464,77.2148335453533,424,510,563,618,719.899937444968,1.17604242604582,22
"N.J[24,10]",359.79712,59.2018979122701,265.099830593411,317,352,393,498,1.18156195812847,23
"N.J[25,10]",851.72032,135.517348866068,638.099929537022,753,828,937,1148.89996081391,1.52037638375076,11
"R[1,1]",1.94964218691232,0.625399805053285,1.1148238270987,1.5300031845435,1.81079782927928,2.21462458143514,3.65013162798833,1.31425005529299,16
"R[2,1]",2.31608463737453,0.679698020271785,1.46056266038263,1.86323179364018,2.1584447031779,2.56920340367475,4.19630635664355,1.46304024335765,12
"R[3,1]",2.00125411710724,0.540912407483844,1.37215111451893,1.64935029539703,1.84558245897629,2.19901512786089,3.56010549413519,1.6002052835899,10
"R[4,1]",2.23882071184168,0.589766423308532,1.5637900904217,1.84607927266448,2.05372863749503,2.46741353415787,4.03395678767976,1.65705710174465,10
"R[5,1]",2.144017037511,0.567381676857107,1.44909126503624,1.75440407789418,2.01113291823192,2.38201041986946,3.80786509650559,1.52610312752641,11
"R[6,1]",2.13757952086722,0.555706861829786,1.51253203762833,1.76506133869907,1.96558570343147,2.33086446740813,3.77620356514635,1.61335296482466,10
"R[7,1]",1.61703861789842,0.660577375031596,0.720891679843318,1.15460211090744,1.47889537969416,1.93362908180185,3.34668984581755,1.19446847767105,22
"R[8,1]",2.19671347693499,0.631573681431174,1.43718382860964,1.76644087389512,2.03119737412504,2.44719016962176,3.99464941379512,1.55084755713146,11
"R[9,1]",2.31800062411968,0.643533620594289,1.54682890654463,1.89533661312712,2.14470789738932,2.56043916050635,4.24192518137002,1.5915465488266,10
"R[10,1]",2.44015485783829,0.701801763277724,1.55464521378087,1.97409325766317,2.25911498431444,2.73075988044924,4.40830640997221,1.42608478863512,13
"R[11,1]",1.94671242024575,0.545068305200798,1.26503546906305,1.58223406410631,1.80687684889521,2.15184712138789,3.47112212214963,1.51234727302452,11
"R[12,1]",1.8693377098271,0.549771392453408,1.16765067040862,1.50333593216888,1.73500875113658,2.08645170574222,3.40774386779793,1.45970156715648,12
"R[13,1]",2.45678391538129,0.654629007704443,1.69680192256472,2.02572045002371,2.2699213597333,2.68688561849402,4.40304769445212,1.65599102237783,10
"R[14,1]",2.2755035475837,0.589521046209762,1.61485957243599,1.88112733098602,2.09013505636393,2.50968838618514,4.00081518498097,1.65152208125268,10
"R[15,1]",1.91591969238408,0.527491113922558,1.26300678904241,1.56011875832928,1.78496724126833,2.13722466644405,3.36833197823136,1.47243722584381,12
"R[16,1]",2.27770560014479,0.610075934076089,1.55047592077442,1.87127924203401,2.11721299345864,2.51290780529841,4.06132578365645,1.60361648624118,10
"R[17,1]",2.51832427817194,0.655620968140363,1.77595852611304,2.08965799606176,2.3241634355401,2.77206379436615,4.52240971044571,1.62182985373699,10
"R[18,1]",2.12845616561831,0.575165558487125,1.45572907426116,1.75918327138634,1.96155458440241,2.34164671311407,3.80825665270951,1.66613336161771,10
"R[19,1]",1.92972768621449,0.615408340120951,1.13839744321553,1.52229360055487,1.78972163361906,2.14833498952623,3.66199057156623,1.44294245319668,12
"R[20,1]",2.3778019400954,0.604759100484186,1.66268524367994,1.96942121543233,2.20078056804167,2.62572351803036,4.23307512571429,1.65200829499153,10
"R[21,1]",2.20746250016045,0.792155804821151,1.14391035181557,1.6625432212412,2.04727238791617,2.57131588910485,4.22225870023084,1.19013479670412,22
"R[22,1]",2.02474762670607,0.529666016421636,1.40869218891964,1.66662060461507,1.86748933081017,2.24024000730383,3.59253445129045,1.58414927987734,11
"R[23,1]",2.14463790761231,0.550617643587468,1.51599160539203,1.78109803095207,1.97780624800636,2.33803934512762,3.83654511754153,1.64079887907555,10
"R[24,1]",1.86755463918538,0.493769741513648,1.26987670762896,1.52541345614434,1.72995514135606,2.08018099926449,3.28985099667065,1.5554953853318,11
"R[25,1]",2.26999870790886,0.586494868496559,1.62282259594978,1.8924267257083,2.09303468688642,2.44426217216448,4.12818833158466,1.64818621415262,10
"R[1,2]",2.02406106290625,0.577585430222915,1.34902345894594,1.62746358914551,1.85805638806888,2.25499604987017,3.6126431355144,1.55810556161407,11
"R[2,2]",2.29398505232175,0.696904973913587,1.4210875281174,1.82229429626136,2.11097513785439,2.59158869415201,4.22152045066271,1.65180716965512,10
"R[3,2]",2.16384664148969,0.641750118655088,1.43775313853571,1.74643685355567,1.9822262983036,2.37829466380986,4.03503590589041,1.54089293359302,11
"R[4,2]",2.08487119697016,0.594817321873496,1.34305857247758,1.69379770902123,1.94597903507506,2.30552740706765,3.79539796050014,1.54737566652846,11
"R[5,2]",2.32819957317851,0.615534524664296,1.55078035079978,1.91752320713023,2.15762034558275,2.58657175491002,4.02856639518589,1.62355361524368,10
"R[6,2]",2.3103274257561,0.630083960658469,1.57604197616552,1.89602790703989,2.12481281116567,2.55768947772544,4.18259941339694,1.56570525439142,11
"R[7,2]",1.8564495436446,0.51346139644934,1.24062238855841,1.50816509150964,1.72237201552068,2.05441094100989,3.30047890946975,1.5396052204646,11
"R[8,2]",2.36011584703944,0.654059976905632,1.58914240540707,1.92216755780576,2.17512247240255,2.62748984179429,4.17225576290942,1.5954634620354,10
"R[9,2]",2.52732136664544,0.672749485005702,1.74731391958594,2.08077797025559,2.32513059889044,2.78562209095404,4.52791172891775,1.5668698411015,11
"R[10,2]",2.34901179810806,0.651889230114795,1.56805234574717,1.91500223563821,2.17848662645533,2.57690045297499,4.28424019428337,1.46157582623491,12
"R[11,2]",1.52487546213262,0.512440116524579,0.835167944186154,1.16750917695468,1.42095225585504,1.75223340656371,2.81187133171901,1.40788942834428,13
"R[12,2]",2.10232098345029,0.547735284036899,1.42887466870553,1.7323333068255,1.94970891332244,2.33097628467951,3.66401083454041,1.52234543065629,11
"R[13,2]",1.99080935218793,0.648616445371346,1.21759048367536,1.56304865025715,1.81232619236667,2.20180134275406,3.90343798912856,1.52881782815341,11
"R[14,2]",2.91271118618452,0.917078266217363,1.87260240029274,2.29285996495694,2.64533016005182,3.2179981275585,5.56296726495089,1.54504660740284,11
"R[15,2]",1.97127367987053,0.655538565056446,1.12235798325998,1.5223164354901,1.82979441018495,2.24775824435754,3.73680131482258,1.30742629986785,16
"R[16,2]",2.27293606507873,0.630811254838661,1.47385763440684,1.84432921734671,2.11307654229136,2.52680941531298,3.98930448133691,1.5554853101095,11
"R[17,2]",2.561082593316,0.686982092471506,1.75365286326392,2.0961856793028,2.37187460983517,2.80692199927273,4.59876759376293,1.60204402033597,10
"R[18,2]",2.32603704981858,0.653099044749205,1.6031096507414,1.89893875024551,2.13727728030184,2.52722925282388,4.3443082329027,1.65978530828114,10
"R[19,2]",2.13646918479932,0.622163760496458,1.41132510940803,1.71832384296362,1.963445431666,2.36917282217491,3.92582593626844,1.5057595511997,12
"R[20,2]",2.03935613212852,0.579746814796237,1.34610948448633,1.6583181464853,1.88468235240684,2.25057367000506,3.79498008454908,1.65183144930432,10
"R[21,2]",1.80092271594932,0.469552697197429,1.13981104681624,1.46749505645676,1.70813471162959,2.03262835020791,2.97718616629528,1.27736831311901,17
"R[22,2]",1.86622558098979,0.554386586976715,1.17977618208874,1.50169290256841,1.7203622248506,2.06874040124368,3.41813923119717,1.43524762129056,13
"R[23,2]",2.01193834086717,0.569213726287066,1.32817474529242,1.63404756292316,1.87768814634467,2.20734994461239,3.66112479089307,1.5435750072658,11
"R[24,2]",1.80997253070649,0.465874247561861,1.22164777085184,1.49668085088024,1.6953135397299,1.99435303156398,3.12783817625768,1.53583954169293,11
"R[25,2]",2.45940877797154,0.688602495137857,1.65844639079787,2.03626753131348,2.28173611973122,2.65108307452795,4.58352036803433,1.63358414262946,10
"R[1,3]",2.84543222389993,0.921961871867161,1.73250174374887,2.23875515177012,2.60525368091542,3.17121802099011,5.48408142298581,1.42682122492614,13
"R[2,3]",2.60330620862336,0.818210159931638,1.62406521208687,2.06478770947558,2.39141805034901,2.87623901131865,4.95833324982473,1.55560925907194,11
"R[3,3]",2.64712912275039,0.712530891323145,1.84947758816995,2.17264552649301,2.43149073473583,2.90999928558902,4.77229114052045,1.56852304612985,11
"R[4,3]",2.34898262973855,0.589557321366544,1.64503756847345,1.95884780622009,2.17906836589902,2.57700079370552,4.09157459165854,1.6113570265081,10
"R[5,3]",2.28484210065557,0.620383117877565,1.50876803229375,1.8557076010066,2.13534877334722,2.5263726627482,4.04870019058939,1.62560221914206,10
"R[6,3]",2.4442109523428,0.632486570818697,1.71066398553295,2.02000030895562,2.26144838698024,2.68198583343231,4.30709709861628,1.58821605217687,11
"R[7,3]",2.35350272977509,0.762056260912876,1.36719563245971,1.82762193426649,2.19703114322252,2.67461642980003,4.43372026193773,1.49163425741602,11
"R[8,3]",2.45300434473968,0.693676633055743,1.60812941324142,1.9784383937107,2.26876757038273,2.75825698750245,4.39693360952589,1.54829947251618,11
"R[9,3]",2.15430102519943,0.605716164639593,1.48273498262038,1.74355547418386,1.98332930657673,2.36004873832501,3.91694705493651,1.5494887234171,11
"R[10,3]",2.22928741717689,0.632132090380749,1.43656827954159,1.7897354055467,2.07842904836989,2.49655482007556,3.94724770370803,1.37853890467215,14
"R[11,3]",1.85830376210047,0.530678819808568,1.12683584815619,1.49329975679352,1.73716299036384,2.10741004705904,3.19373800670314,1.47673286148409,12
"R[12,3]",2.53341880088252,0.718408635471192,1.62523650456575,2.02857137615855,2.34632923427385,2.85646636952686,4.50848200772958,1.46787407570788,12
"R[13,3]",2.37245336024242,0.621324712915217,1.6551968070657,1.94351863268458,2.18916425548815,2.63055585240296,4.1632887789521,1.52182386556089,11
"R[14,3]",2.43745551935062,0.659747092874815,1.69665497682789,1.99206400035945,2.23688134469081,2.69003987218693,4.41362297415047,1.52286063101085,11
"R[15,3]",2.83821550713756,0.814444025872738,1.83652840732912,2.2910861243335,2.6204546936872,3.1703517093361,5.10952500612204,1.40865986300072,13
"R[16,3]",2.04716499182932,0.540118003471519,1.37726462568806,1.68104993177565,1.8979851333848,2.26531040825734,3.55223865386075,1.49826970591375,12
"R[17,3]",2.35573847726033,0.606383253996292,1.62717626026124,1.95614135628319,2.17497967830648,2.59062882021141,4.14688573301637,1.5898008407415,10
"R[18,3]",2.53070988215136,0.695937150910041,1.72008504275148,2.06159193701669,2.3431062031089,2.76528872003686,4.58503526697573,1.63642112581033,10
"R[19,3]",2.36413895300579,0.764194712357676,1.4428963373861,1.86108391931825,2.17309852769634,2.61920524442667,4.58659330359548,1.49156800970139,12
"R[20,3]",2.26706225129417,0.608210129091994,1.55907904642955,1.85699241418744,2.08779691326427,2.49850439534133,3.96152903939382,1.62137932923431,10
"R[21,3]",1.69948303284198,0.551090909002888,0.891082987867306,1.31405029008904,1.60934160477709,1.9888481742987,3.04107466914564,1.16236021099805,25
"R[22,3]",1.91087557782268,0.495246064794463,1.31499359059601,1.57794303766586,1.77390744205263,2.1082199222171,3.30745426280136,1.50281372164829,12
"R[23,3]",2.2870631902693,0.562575275798706,1.6141204384885,1.90934483192929,2.13255792252729,2.50161279669363,3.91525016088944,1.58672003367324,10
"R[24,3]",2.38412597473456,0.596412295251112,1.63999307602665,1.97208925897009,2.23650300652796,2.63314305968967,4.11610595081849,1.50359522332542,11
"R[25,3]",2.50383619797946,0.632585826919614,1.78239043078107,2.08200417720041,2.32487017720531,2.72707482753552,4.3985897791661,1.59664257108348,10
"R[1,4]",2.3850005103779,0.682151583913569,1.56416404209058,1.92854258567692,2.21036913893478,2.65275747757646,4.31595015822539,1.47553982033513,12
"R[2,4]",2.56728920163134,0.752026047434183,1.61847371649092,2.0739398140479,2.37791306580044,2.84270465651295,4.73327668802536,1.50679664813412,11
"R[3,4]",2.82594188568078,0.785973002379223,1.9382305973703,2.31412296623654,2.60287395547409,3.09719539982529,5.20798199659921,1.6039216826107,10
"R[4,4]",2.73395556166174,0.722566235606306,1.87827235991292,2.24710765199711,2.52960474788021,3.02231847634723,4.86642347951148,1.54196662436109,11
"R[5,4]",2.67102598408084,0.693735891685677,1.75807785341281,2.19715005451553,2.49243111557955,2.9888257707736,4.59396388411929,1.58254909070918,10
"R[6,4]",1.99166656290269,0.539870565035511,1.34689915472026,1.62115595183441,1.83537857278463,2.21324835622193,3.58884579510179,1.56814647181181,11
"R[7,4]",2.29782088725479,0.668257180108788,1.42162375782337,1.84445016864471,2.13190762441099,2.58727654687748,4.13550675820757,1.49243072542319,11
"R[8,4]",2.71595301445899,0.746109263473773,1.8009730992988,2.22628147284175,2.51478441953612,3.00469286425643,4.93887452858694,1.61253040914362,10
"R[9,4]",2.52891192176411,0.682627157449648,1.73901037635267,2.07007157094181,2.3333176403464,2.82108265177419,4.55305564089052,1.57947283765193,11
"R[10,4]",2.76774758163777,0.779121493568758,1.83221806805096,2.23541178126089,2.5627845391279,3.07545417127679,4.92895026719668,1.43632152176192,13
"R[11,4]",2.63430898682708,0.793373286581411,1.52861566883552,2.09195524689398,2.47943709631132,3.00201442790735,4.72774987998721,1.36670806278492,14
"R[12,4]",2.56824355754952,0.724667022915796,1.7127259723479,2.09090894921771,2.3699499560307,2.83368415194864,4.68985653466998,1.51107307629504,12
"R[13,4]",3.15066458767827,0.918279756572747,2.05883697032968,2.52774077247038,2.89487384612276,3.49865721823815,5.76735196145812,1.56752543755446,11
"R[14,4]",2.36755424754656,0.669319010972879,1.59509765418294,1.91405552103042,2.17776001691097,2.63054294277306,4.36606886799788,1.58553835044106,11
"R[15,4]",1.95083126242949,0.589852709490359,1.16234065632235,1.55476409250627,1.82037181715632,2.18874709919815,3.58751650306666,1.30154344734765,16
"R[16,4]",2.28402458074778,0.620885447378041,1.50385136828212,1.87664959330578,2.11522325577657,2.50755465672299,4.02091734082947,1.5045230577413,12
"R[17,4]",2.16439317034026,0.570901676337038,1.49098111878567,1.78324682963544,2.00147358912282,2.37061292458956,3.80102989903206,1.59675578097727,10
"R[18,4]",2.52073849034197,0.687918376683399,1.69838127103585,2.07220793635872,2.3184885619753,2.7693196018307,4.61204620713048,1.63648644324724,10
"R[19,4]",2.84419793242543,0.838586421333014,1.81633936370154,2.3043703191805,2.6255455508691,3.12674847526881,5.33505769997702,1.54826971049445,11
"R[20,4]",2.41535277448675,0.656233912452817,1.62767746774193,1.97693612201223,2.235543110789,2.68690144081752,4.33914877470527,1.60692547767876,10
"R[21,4]",2.65506456499657,0.780088877697067,1.59742215660908,2.1299420564271,2.48125783449083,3.00164670466919,4.69543016154229,1.30628320877577,16
"R[22,4]",1.7326979779964,0.478717251798852,1.1234599903377,1.40888884180879,1.60806725438895,1.92887544606646,2.97238315381464,1.38640254268804,14
"R[23,4]",2.33449277028094,0.621108669914912,1.56492927098612,1.92320872824664,2.17574775064941,2.56870843342383,4.15053876702194,1.53896981270439,11
"R[24,4]",2.44496939751498,0.632018795559564,1.64112138064263,2.0014116691252,2.28040516360318,2.73364592450384,4.16694008952694,1.48299446142112,12
"R[25,4]",2.21544756303404,0.586892587182194,1.53490663284162,1.83910469549382,2.05187408788902,2.41174432868526,3.98204221327301,1.56863454484248,11
"R[1,5]",2.40870440857993,0.723742614641219,1.49752154982216,1.91358492254952,2.21808330579745,2.71123104954223,4.39153787461569,1.4974041376668,11
"R[2,5]",1.39697333971582,0.441418354245738,0.79544005164313,1.09452720120479,1.30187798706653,1.5806080095995,2.57792104178529,1.41712094211513,13
"R[3,5]",2.63067684751999,0.721659858930946,1.8146116862608,2.16426748156382,2.41090753665308,2.8672547086441,4.83706247319098,1.60458086343605,10
"R[4,5]",2.50488501451398,0.652555454393556,1.74166307249057,2.07223551165664,2.31414503296728,2.74044241016897,4.41894133161801,1.60102194145025,10
"R[5,5]",2.44486044555715,0.654750558901729,1.62128970021485,1.99201684935739,2.28299748240859,2.7151472894482,4.2755301037147,1.56245805287576,11
"R[6,5]",1.84762330271726,0.507126760560288,1.26417974968349,1.50427829681966,1.69719358043628,2.03666626553313,3.30399866201066,1.56934429467449,11
"R[7,5]",2.46958781612064,0.754038416640524,1.4757347097298,1.94561629089739,2.29209482220049,2.78831178675365,4.48131104878443,1.48733955831882,12
"R[8,5]",2.35305544621277,0.668151997154387,1.55774209160777,1.8951769223848,2.17251891940672,2.6026023436367,4.33193277246408,1.57955609077878,10
"R[9,5]",2.58437782448664,0.70599519305761,1.76574965391917,2.11281908832744,2.38951571215592,2.84801847599847,4.66930203320674,1.56565699009677,11
"R[10,5]",2.47706580801169,0.741534636084083,1.589048118508,2.00294870486227,2.2818601822711,2.71333739088723,4.56093054159371,1.47758089358136,12
"R[11,5]",1.9546153914542,0.580908276899154,1.1533148147119,1.55977977376956,1.83983207157577,2.20978569704602,3.39652304104318,1.33366847645428,15
"R[12,5]",2.28443976418114,0.629898881573824,1.47879266437015,1.85598235831233,2.12784529549739,2.53914676827704,4.0340907171438,1.50938497356075,11
"R[13,5]",2.70970205292058,0.766247286830625,1.83480464410053,2.19993298273721,2.48734329125545,2.99301083031709,4.94793872073755,1.58228739977343,11
"R[14,5]",2.6339050633522,0.719272616706725,1.84222313097226,2.1503869256627,2.41618750618987,2.89902550438282,4.83093974163656,1.65446942523658,10
"R[15,5]",2.17087773031743,0.635402155081372,1.36467296973406,1.74365393893003,2.01935990686997,2.41206802906059,4.00878865428541,1.3990855639536,14
"R[16,5]",2.10713487371448,0.585335402949053,1.35672794555504,1.72401078712665,1.98086810396875,2.32062818248185,3.73601781747236,1.52266963580391,11
"R[17,5]",2.2403751824496,0.586877154383605,1.58648165026655,1.84777365961641,2.07334228787987,2.43651149899116,3.96862181157542,1.58806676853835,11
"R[18,5]",2.38349420699141,0.662698948422289,1.63011915258331,1.94451673164076,2.18539860334038,2.61312804630603,4.43386356523455,1.65140245819926,10
"R[19,5]",2.3338811620272,0.711325994248203,1.46147701056664,1.86231554725932,2.16054925529309,2.58214608654208,4.32187907138388,1.43079787276113,13
"R[20,5]",2.64548968831376,0.700011705336275,1.81926219753572,2.18583847257483,2.44637797040472,2.91797523659226,4.73598041915131,1.61987046601398,10
"R[21,5]",2.97818259407107,0.925852125843064,1.70714568803255,2.3215218895519,2.79254422997559,3.41231694760097,5.42350626362617,1.22700256419265,20
"R[22,5]",2.22137195702725,0.587354982793914,1.48808039380918,1.8202105269533,2.06927397778799,2.45256476352813,3.79931160898909,1.47240234682325,12
"R[23,5]",2.34043640476683,0.616092611928865,1.61782527851475,1.92933673234638,2.17361233930426,2.57212331659442,4.16988921330188,1.5632650677954,11
"R[24,5]",2.11062078479902,0.57232499181071,1.38670767214432,1.7158803741163,1.96002776157455,2.37060690479669,3.72686013928868,1.45742460282041,12
"R[25,5]",2.05405941509395,0.534779435449905,1.43264884798156,1.71003814383772,1.90055510319745,2.21960328740608,3.62435959089031,1.58243834770746,11
"R[1,6]",3.00934945282087,0.835239641505806,1.97406946258273,2.43655838978302,2.78226333016967,3.36237774304776,5.37463412177488,1.5241358185794,11
"R[2,6]",1.86720951344812,0.559273066948206,1.17872896752648,1.48890256245007,1.73107349922931,2.08273412574133,3.43508652503473,1.45082725612681,12
"R[3,6]",2.78044797132819,0.763095474977414,1.94767296425252,2.27362986265556,2.5396216794825,3.04957172802706,5.0777364577247,1.55968051754608,11
"R[4,6]",2.10074989323687,0.57108132345512,1.42665007670063,1.72004383941834,1.9493277971071,2.31000213102169,3.74811670955709,1.59661846366531,10
"R[5,6]",1.88142526556093,0.518743586607913,1.23391590607292,1.52818356272772,1.74914250914537,2.08405244186702,3.34770344982028,1.58185140876866,10
"R[6,6]",2.30690741258444,0.625522814295365,1.57685922705841,1.8889948102211,2.12733335906749,2.54176102061794,4.12413974072185,1.56166219791422,11
"R[7,6]",2.34615823296094,0.672676917036969,1.46148304912649,1.88766484901025,2.18565003454051,2.64355764940902,4.22601728829796,1.47973740787179,12
"R[8,6]",2.09955570129786,0.576856889930912,1.39126943501486,1.70966337681412,1.93140733652434,2.33688005302345,3.68089456805543,1.56875299159881,11
"R[9,6]",2.33241415928985,0.619445552963378,1.62763199052097,1.92541900174942,2.14526216544458,2.57099169393466,4.18758712530447,1.59755564299724,11
"R[10,6]",2.57999374818606,0.691632421375957,1.74518756192103,2.10812722158076,2.39623180780216,2.85004274865588,4.57072598164181,1.47984106485035,12
"R[11,6]",2.19054467716177,0.666235895841527,1.28426087735234,1.7332341812315,2.04397129149373,2.50084127528699,3.89211081981546,1.40180897616626,13
"R[12,6]",2.43020695713153,0.635940680455127,1.61513260302919,1.99112750108405,2.27502269470032,2.70244760735656,4.22366882179674,1.55706498418606,11
"R[13,6]",2.34399490822419,0.631463237001422,1.56213485913452,1.90771288876526,2.19223482400709,2.60902824547795,4.23767779098922,1.55320823253829,11
"R[14,6]",2.9304749852289,0.822203736685009,2.05130267349579,2.37584479179071,2.6644682786798,3.25276343912075,5.32216024039777,1.56783166844066,11
"R[15,6]",2.34494190054626,0.704048740399532,1.45899744327816,1.86733414753416,2.17928819628851,2.63216101928745,4.29091805813201,1.40695658834946,13
"R[16,6]",2.14599043556748,0.589264670076267,1.390455138657,1.75173617376855,1.9964687978328,2.39139291926001,3.88095088195448,1.53291274563368,11
"R[17,6]",2.32644584607317,0.614720627943277,1.62302663332598,1.91260981300885,2.14262445026294,2.56127495268033,4.15617324376354,1.58942900792666,10
"R[18,6]",2.39434410373033,0.626505887912577,1.6439316076879,1.98477690180934,2.21714360362127,2.63019446663484,4.24877744661858,1.68981128791979,10
"R[19,6]",2.44668765452363,0.727492817455353,1.57833997910054,1.9723742361425,2.2639324230174,2.68747886345266,4.60639356301055,1.49832396926538,12
"R[20,6]",2.85674367727631,0.741884429176683,1.98638488709867,2.36597817984931,2.64306469586747,3.13387223891896,5.103374486081,1.63530597473659,10
"R[21,6]",1.94044758130713,0.601549060507406,1.09311087314405,1.52321905417294,1.82698687940247,2.23274006131093,3.5051273098564,1.19794058198393,22
"R[22,6]",2.36005571462882,0.682575984491586,1.55001661878885,1.92650072973167,2.18105408507796,2.5819738434428,4.31914091226113,1.42862235621945,13
"R[23,6]",2.10420322626055,0.566060835500851,1.43870872320889,1.73326203354124,1.94912958131812,2.28144387508134,3.79818968255809,1.52954530470201,11
"R[24,6]",1.99412335995607,0.531540587223162,1.31210973300989,1.63041047190378,1.86319836192035,2.21049618500827,3.47094385548981,1.48800661656788,12
"R[25,6]",2.09530856395694,0.557450903457937,1.46414351299399,1.73958706628411,1.94533829539092,2.25450561742051,3.77602241787294,1.57731737154573,11
"R[1,7]",2.41152819111439,0.683764332673807,1.58483623690943,1.95978875103418,2.22680106188649,2.68499679481881,4.42423119788575,1.52508177009649,11
"R[2,7]",2.88934277787498,0.893151547213098,1.82264472181391,2.30569067367384,2.63698409156498,3.20419545433677,5.35845562092766,1.54629146455804,11
"R[3,7]",2.5361560637061,0.679046301542428,1.76994296861309,2.0854758549177,2.32565200677517,2.78487127585657,4.49530076686463,1.65864191016831,10
"R[4,7]",2.18685893780176,0.572787609779146,1.51170893616864,1.798464533844,2.02350267732827,2.4134519149914,3.88379038772415,1.55714904370345,11
"R[5,7]",2.17154398177519,0.586208655994049,1.45349251241936,1.773060846789,2.02559958814923,2.4051230162221,3.81609108540834,1.60475890701353,10
"R[6,7]",2.74796115921211,0.728713543261552,1.92300891854026,2.2611072223219,2.54176916218739,3.01462258793194,4.916795928845,1.5876796672266,11
"R[7,7]",2.08051483801301,0.600750279180728,1.29396837511587,1.6615346808399,1.93707229984922,2.35132507090838,3.65799144919893,1.46708172671725,12
"R[8,7]",2.42079695727321,0.671318654131496,1.62937948515898,1.97138268828954,2.23399457347047,2.67941399907512,4.43755114588088,1.6037778739856,10
"R[9,7]",2.56839665134857,0.697087135110916,1.78138034797668,2.09603810035196,2.37043941255351,2.8106101636652,4.67575715365025,1.592242788622,11
"R[10,7]",1.82961442618162,0.509464849809937,1.19297617015839,1.49167856225267,1.7007755298787,2.02298477651037,3.31624438664043,1.40155965444709,14
"R[11,7]",1.9367414605108,0.619098018838118,1.07687027323044,1.52162064028155,1.81039795088454,2.21679659280298,3.57392525130491,1.40332668185811,13
"R[12,7]",2.3332452019495,0.656324441986464,1.52652222915961,1.89788097668183,2.14770524550707,2.60826325498074,4.21650436395764,1.53742991234275,11
"R[13,7]",2.65722410686202,0.724302020882093,1.81113210974378,2.17870045779294,2.44349739289962,2.90582622433178,4.8471744370958,1.62593959153093,10
"R[14,7]",2.36079901242087,0.656972528703929,1.66657851188108,1.90542347785334,2.13508629703817,2.6184038635325,4.28604179531184,1.59576944451158,11
"R[15,7]",2.16915523571595,0.624288325093804,1.39666940354934,1.75466344388594,2.01717100772043,2.41100386406579,3.86306053797438,1.41265147778031,13
"R[16,7]",2.16102510537977,0.57634084247149,1.44159631224598,1.76508143608446,2.01406369553985,2.39565996494605,3.83720790974814,1.55967606343165,11
"R[17,7]",2.43794762180254,0.628129344952892,1.72056569835849,2.00930219604375,2.25258049769939,2.6798648899414,4.19829582216133,1.63030246317219,10
"R[18,7]",2.61607162059286,0.693520471677359,1.81093708539504,2.16742927128663,2.4063529378388,2.87140975314053,4.74022720851234,1.68245186261578,10
"R[19,7]",3.05830665498572,0.85580489375809,2.02940439730131,2.48943568839876,2.83435508269547,3.37808505385501,5.52022428283324,1.56837785937913,11
"R[20,7]",2.65795541517702,0.693903762954837,1.86172664064985,2.19777637454006,2.44907100421414,2.89445953680176,4.70896773749923,1.68795541259606,10
"R[21,7]",1.64774632485588,0.509339822426653,0.937558126981576,1.30067081734519,1.54615260318647,1.88443884513959,2.96277424010339,1.22756166822696,20
"R[22,7]",1.66958382578602,0.461856010536607,1.0698849266266,1.36485707089374,1.56713073309912,1.85652045169719,2.90858457303103,1.39866975244911,13
"R[23,7]",2.41889316468682,0.608455547998338,1.69154318421175,2.01471698050554,2.25288448752292,2.64661305348018,4.20072578694913,1.563193562043,11
"R[24,7]",2.18678739629283,0.574565149067397,1.46656110644603,1.78356185696302,2.03906524820568,2.43623046263655,3.7779719552882,1.48419687480826,12
"R[25,7]",2.2326431496638,0.586387324702601,1.56251430946121,1.85685306279314,2.07072143126766,2.4412766652886,4.0638172729394,1.56568530665165,11
"R[1,8]",2.41097882497865,0.670053489567534,1.6174350173662,1.96061978287719,2.219028916082,2.67447916545444,4.34949483619193,1.49999177882368,12
"R[2,8]",2.89871520340312,0.868879931283271,1.85550295562993,2.31019276855648,2.66676008126601,3.2633109085604,5.35350464236722,1.58329078225564,10
"R[3,8]",2.38142950501139,0.644195925845103,1.64266097441539,1.95417622096732,2.18567526540925,2.64466760037827,4.32041065499585,1.63194129303158,10
"R[4,8]",2.56732705177849,0.688974722239089,1.76528338626962,2.11192661814279,2.36101787699145,2.84079490962083,4.6275323457139,1.60051950581071,10
"R[5,8]",2.70021421035749,0.712388052915434,1.84133618841164,2.21066199441445,2.5093843229261,2.99142421509898,4.67467754688596,1.61181294072925,10
"R[6,8]",2.42627023385101,0.620978585754058,1.68561327385217,2.01194500653728,2.25096545323356,2.67871869217713,4.24649966829089,1.60361450004695,10
"R[7,8]",1.94061394121771,0.574195422361188,1.19517452622849,1.54996518775433,1.80370580009704,2.19312326669752,3.45947398273005,1.43267647623321,12
"R[8,8]",2.44146002217858,0.683408558476963,1.62247902934965,1.98736549380347,2.26912361347381,2.6905225575954,4.46330891190045,1.60915347446841,10
"R[9,8]",2.56447487159821,0.694093413061848,1.77760598193057,2.09081332657681,2.35295848699479,2.85735709295535,4.63047884981666,1.56388395624079,11
"R[10,8]",2.80134665201843,0.751529750418652,1.8965159611252,2.28437852642248,2.57901379827448,3.11830917039884,4.99242815416555,1.52721923897975,11
"R[11,8]",2.02953729014751,0.650769678372315,1.15558954380881,1.59094805893959,1.89644873749121,2.2998332078211,3.75640202937976,1.3585116341425,14
"R[12,8]",2.31010896869006,0.634353772866967,1.50923628571077,1.89011947947482,2.1461431975336,2.58195156143107,4.15310020680538,1.55527246670007,11
"R[13,8]",2.75776390118346,0.755633689814364,1.9068372828513,2.25343173469817,2.53718221749737,3.02214668845496,4.9672529605717,1.6374106690825,10
"R[14,8]",2.27493140100052,0.598730567477744,1.57802675084821,1.87225601029099,2.10387526860303,2.50809923463247,4.03968623998343,1.64114759688525,10
"R[15,8]",2.42794719155117,0.715902417698199,1.54690605042765,1.96327028636032,2.25376755820696,2.70251456731734,4.43877762604388,1.39711485837117,14
"R[16,8]",2.2867045000212,0.622382327871014,1.51266467398636,1.87037549993637,2.1414979158812,2.51786428478569,4.02763467091662,1.48660176727897,12
"R[17,8]",2.21199498962965,0.599525824119199,1.52314396368804,1.83044066944742,2.04387141594746,2.40767420300128,4.02678879539959,1.62622170879671,10
"R[18,8]",2.82139835822815,0.770070219015833,1.97026226371351,2.31620488233229,2.57194647815065,3.09771839309963,5.19535851740827,1.65472617537642,10
"R[19,8]",2.98234046305266,0.820256432996683,1.98012599652459,2.42432264011133,2.77290397939678,3.29454991193223,5.22564956465483,1.53520782351223,11
"R[20,8]",2.5318419437717,0.652007347602663,1.79190591470333,2.09245995225184,2.33102622200873,2.79111084885506,4.47016120097812,1.63376587200877,10
"R[21,8]",1.89239458331579,0.621604098075781,1.01739219142866,1.47129910744629,1.78038646633793,2.1810633741542,3.48983568963863,1.19733841387545,22
"R[22,8]",1.91382969231299,0.535412548239908,1.22383131182775,1.54449346578958,1.78399702262781,2.15068651526293,3.34433722799482,1.41826516762553,13
"R[23,8]",2.41218908273708,0.646133027461154,1.6290408549241,1.98848636202007,2.24465974389138,2.66048079858979,4.32532811170275,1.51765323643828,11
"R[24,8]",2.04851032393493,0.533218265494776,1.34668026536765,1.67298844081446,1.91892578320286,2.2927183643312,3.45416059721204,1.44294293376519,12
"R[25,8]",2.44071795637325,0.64255768658513,1.69841532405204,2.02652976988124,2.25714076379002,2.6233873668394,4.35101479117974,1.55479848941752,11
"R[1,9]",2.6661027795591,0.762536293487337,1.71525561480415,2.15317786467604,2.47612330010696,2.98065303169702,4.65251408261027,1.45454456245945,12
"R[2,9]",2.21064394568843,0.632012711655897,1.40018818731255,1.7827368481694,2.0644436315428,2.46337045707999,3.99857229295204,1.3891050243891,14
"R[3,9]",2.20126274507584,0.585632397718849,1.48643023594536,1.8127126776727,2.04612319929157,2.42007170277519,3.92586264647718,1.52065532135321,11
"R[4,9]",1.94585194360534,0.534985805940057,1.29555245824955,1.59462425828105,1.80665234702847,2.14165272986426,3.49298542955754,1.5681561367327,11
"R[5,9]",2.30576232231584,0.647491964027509,1.49741614099429,1.87424432145003,2.14093654247973,2.56056209881089,4.10766912615132,1.48198623139694,12
"R[6,9]",2.50164704092644,0.691176977325825,1.70425468130153,2.04244769050912,2.32615331421505,2.73006266688919,4.52248441420652,1.57332244422387,11
"R[7,9]",2.56735465929181,0.75852663825885,1.59770240903153,2.05073739213297,2.39709787397708,2.85940705791262,4.71654970438322,1.39635802963333,13
"R[8,9]",1.73278150589309,0.489185698201614,1.12644652844374,1.39682380564771,1.60704173822091,1.93708543282342,3.11014248679663,1.45682227439424,12
"R[9,9]",2.72066757286001,0.720929166923964,1.88459540144446,2.24223323132246,2.51243759511696,2.99458112796985,4.8757293548639,1.62205610199301,10
"R[10,9]",2.63079505230519,0.769224902200831,1.69433953958871,2.1108860605906,2.42499861219377,2.93871462962377,4.75789320219059,1.49663601198014,12
"R[11,9]",1.82599087048369,0.649981388863677,0.950049351554537,1.38360736657267,1.70375581986216,2.10944594606174,3.54522839143681,1.22735114472188,20
"R[12,9]",2.3979307249308,0.655249397316704,1.58338871822316,1.94670077091871,2.22781971170519,2.67097217995889,4.1028901119089,1.5529757577635,11
"R[13,9]",2.36483339425088,0.629510379174292,1.62061812997062,1.9290296212159,2.18245693770196,2.62858531837067,4.16618247872682,1.5945270830707,10
"R[14,9]",2.35748065584314,0.62749384475093,1.58873530310154,1.94357076751128,2.19201058607728,2.58968022252541,4.17476112781702,1.62549903064666,10
"R[15,9]",1.70346594861314,0.553554509017698,0.985745932531952,1.33230918359103,1.58216934142817,1.93918274756237,3.17181139580614,1.32629553683167,15
"R[16,9]",2.57733017426332,0.737705283645433,1.67026828509552,2.09057599983573,2.37693407852155,2.87680673473346,4.67414171229296,1.4628429788664,12
"R[17,9]",2.42063817658622,0.662314268545433,1.64671578540728,1.98113966801638,2.23107615576751,2.68919330930065,4.39833176135577,1.56755829477943,11
"R[18,9]",2.49092311111414,0.658403667842923,1.7260299040233,2.04215112273928,2.28784178694387,2.78181975199753,4.35819723326188,1.58170476634713,11
"R[19,9]",1.91828482978788,0.548084128923295,1.21510573335204,1.54831173061839,1.80272483262309,2.14372301893438,3.42512516284088,1.44116133642727,12
"R[20,9]",2.47355059254297,0.652738857887314,1.72874331600297,2.03349130173292,2.2701280640257,2.7495714680308,4.40882434456107,1.63254845936716,10
"R[21,9]",2.24111285734783,0.851763294777326,1.07848143184983,1.67311697856476,2.08196359824501,2.62730857334305,4.53149597227165,1.17553434580476,25
"R[22,9]",2.22415745535243,0.673637712587176,1.36631474853879,1.76372617515232,2.06176095752514,2.5069230047375,4.06097007118007,1.40403168261911,13
"R[23,9]",1.97812616586127,0.540978453183042,1.32421990061502,1.61878928406534,1.8350511733348,2.17221193090592,3.54119800959803,1.47806394903622,12
"R[24,9]",2.27659451982182,0.671323290716202,1.45732824258349,1.82477149914816,2.11260045901572,2.53676892292746,4.17873601206833,1.45700422403602,12
"R[25,9]",2.27341195423319,0.62794875817483,1.55707278230668,1.86263263223116,2.10739811326614,2.45951111775344,4.11812185104527,1.53804339827149,11
"S_M_A_S2W",0.627697124558255,0.027778659515695,0.579690981423546,0.604774977753254,0.629753233897479,0.646184385588468,0.687486261453979,1.86493607534387,8
"S_M_A_W2S",0.820319320568205,0.0315198854504073,0.755968059127963,0.797085970147069,0.82188742776759,0.842793526988512,0.878349962682111,1.60985218966189,10
"S_M_J_S2W",0.391587664078108,0.0895397482481018,0.175818779658307,0.365337775984757,0.425297564294879,0.453678387547601,0.48699664016411,1.54448239915053,11
"S_M_J_W2S",0.664613322311709,0.111209808129303,0.396445675055713,0.577720963845679,0.696416099551946,0.753832087377857,0.802762941959174,1.77890931144838,9
"beta_A_F_s",-0.765629029378444,0.33668466830607,-1.5166534265644,-0.967551512233176,-0.744289251235718,-0.531729763936298,-0.174858866467986,1.12337887181707,33
"beta_A_hr",1.0393583180309,0.0769098272930343,0.899521217815219,0.982755396697061,1.04257381885338,1.09294146732314,1.17986821226624,1.4255914983708,12
"beta_A_s",0.727942291030793,0.2959142032862,0.403668218463499,0.50653359869295,0.634098210176277,0.905075012425454,1.47119307698107,1.8770183777346,8
"beta_F_s",-0.210041803752851,0.175747301431003,-0.527074696212655,-0.328219652958158,-0.226213200924209,-0.106491966648649,0.17996210156084,1.39747467361894,13
"beta_S2W_s",0.325616912284154,0.264079703825952,-0.218783904784675,0.134589132154622,0.346466388312455,0.50908008779142,0.803080590112322,1.83664979715073,8
"beta_wmd_s[1]",2.00406431245883,1.54041126169781,-0.784286258539411,0.49736426386023,2.54778999801809,3.22785634818326,4.26094995704164,3.63225898646362,6
"beta_wmd_s[2]",5.32946407414423,5.29623574294595,-0.205138743200945,2.17120842752037,3.45527381643386,6.91934088825985,20.139418091022,1.25741968783494,19
"beta_wmd_s[3]",1.84493569544541,1.46759253485207,-0.762213713746419,0.438197363898015,2.561530527183,3.06134652184879,3.72310769144269,5.56304870596647,5
"beta_wmd_s[4]",1.39318210040764,1.46096557799275,-1.15787817255939,-0.0605939257580343,2.10695275782231,2.61788870275475,3.24262291337934,5.96260949265529,5
"beta_wmd_s[5]",0.889550213701585,1.45092554457471,-1.6260236746793,-0.492628987480027,1.68105353829421,2.08469955033488,2.60709543356365,7.347273516549,5
"beta_wmd_s[6]",1.50894292461703,1.45048155072613,-1.03009444992315,0.17658488585345,2.25992944144524,2.70509146023432,3.26153271129976,6.60896952793131,5
"beta_wmd_s[7]",1.50360234604959,1.48566913655044,-1.1144659599409,0.0666895100075482,2.19405094951925,2.71487567723819,3.45511100947125,5.52723079904967,5
"beta_wmd_s[8]",0.721083623365391,1.53632442499396,-1.96317624802764,-0.862987670991281,1.33601044140109,1.95346808659321,2.96770598024868,4.13294670153849,6
"beta_wmd_s[9]",1.40814404662841,1.45195959768836,-1.12367623562327,-0.0218788193022953,2.15122819512362,2.61107409630499,3.21861419415501,6.31988968701142,5
"beta_wmd_s[10]",1.38289654734442,1.51981329783982,-1.29405903983908,-0.0990056746194985,1.98963039522075,2.63731717686232,3.44066026519974,4.36337777872208,5
"beta_wmd_s[11]",1.39690638193808,1.45924474506028,-1.11601969621291,-0.0602368223286599,2.12604819985779,2.62647913273567,3.25100810828722,6.27563182158466,5
"beta_wmd_s[12]",1.11245987824567,1.47869001439857,-1.50121149213036,-0.345877440554072,1.76921969991064,2.35873164400457,3.0153670514562,5.20365020285578,5
"beta_wmd_s[13]",1.12396986218156,1.47384980832315,-1.45010400953304,-0.320789203611736,1.85367881323439,2.34263821227846,3.04550031361718,5.78859616563756,5
"beta_wmd_s[14]",0.922095076805142,1.44601293744932,-1.57033788515908,-0.490499870441451,1.68490480745382,2.1207095979913,2.66258714191559,6.86198692262356,5
"beta_wmd_s[15]",0.807846086668712,1.50314427508112,-1.84295115971404,-0.753130337345507,1.55202509850394,2.02045343642557,2.71728905876987,5.25901970043867,5
"beta_wmd_s[16]",0.842016730924184,1.47706157003144,-1.70691392568254,-0.67429683104147,1.53182899293806,2.05994143033014,2.83110586977545,4.81616340000057,5
"beta_wmd_s[17]",1.54380526337244,1.45035499714848,-0.982085435333662,0.103827077074723,2.22132564839218,2.74049097660799,3.4224653287663,5.49228894798256,5
"beta_wmd_s[18]",2.005636580085,1.47879496466542,-0.583846686514485,0.557801189347478,2.68624863655402,3.23342045741304,3.92919883913911,5.24743948162775,5
"beta_wmd_s[19]",0.919761330021916,1.46832742803204,-1.60935302577433,-0.53579991413043,1.67509253993019,2.13993142525463,2.7303026507051,6.2793629472805,5
"beta_wmd_s[20]",1.37874825232132,1.48923375705316,-1.26543366330861,-0.0528566067786544,2.05786089110199,2.57895128088283,3.35134694905244,5.02960169320575,5
"beta_wmd_s[21]",1.39894730445799,3.44980624650964,-2.9366735839433,-0.799122769242687,1.33015156663768,2.63150662748819,11.0389651007093,1.40912659759028,17
"beta_wmd_s[22]",0.550062952453764,1.59468672419966,-2.26452072393,-0.731402442879513,0.844313724973241,1.77581752193563,3.19566496418748,1.95189204025852,8
"beta_wmd_s[23]",0.901629618816597,1.48827203700662,-1.76600411891622,-0.533576073118298,1.58604785612366,2.12234430504763,2.86488041374204,5.43284674473283,5
"beta_wmd_s[24]",0.925306273651068,1.45979715361652,-1.65617934779934,-0.413052211993905,1.69246296685996,2.12110960322624,2.67570183792489,6.7196907655105,5
"beta_wmd_s[25]",1.49006878270851,1.48981919060003,-1.10697943945262,0.0233087034318066,2.18321997217343,2.73060552046802,3.40420519850505,5.50692361231379,5
"deviance",6472.60396906649,42.2452129778182,6400.1825859675,6443.07877345425,6468.52981103591,6499.17956674933,6565.3282969563,1.23207039878028,20
"intercept_hr",-1.9710415849872,0.130378438899443,-2.2352293781952,-2.04660163932489,-1.94731063705866,-1.8732950003388,-1.7591534325874,2.78416457396391,6
"intercept_s",2.24663457359495,1.5062680657889,0.727993588655261,1.05032222328321,1.2721173635464,3.25473084870804,4.97933525310558,11.5682592101005,5
"mean.WMD.HR.A[1]",0.279668149721643,0.0288969276487837,0.230019204856974,0.257214135228458,0.27856247595665,0.302971576431188,0.332125646156056,2.20712952430434,7
"mean.WMD.HR.A[2]",0.262736725682906,0.0316350912446384,0.197860522374201,0.242158662544317,0.259718776459147,0.290443927229416,0.315392092028685,2.21179261679215,7
"mean.WMD.HR.A[3]",0.258619312960709,0.0271045810526751,0.207596856057269,0.238262788719409,0.261476936098312,0.279351124988975,0.305855507794592,2.47395219217298,7
"mean.WMD.HR.A[4]",0.295004496607459,0.0240137213987065,0.251737066463768,0.279563148132666,0.293779496095551,0.310950014537479,0.345258866346715,1.82057998444676,8
"mean.WMD.HR.A[5]",0.315224089836794,0.0273793292915848,0.25431198039423,0.30058172182642,0.319447179842185,0.33491820057161,0.359128929877084,1.71323998697566,9
"mean.WMD.HR.A[6]",0.295395874455407,0.0334799971175563,0.240284015827951,0.272184854770341,0.292817614494393,0.317369751884649,0.363013596735345,2.38043509195093,7
"mean.WMD.HR.A[7]",0.276294904447926,0.035612387959251,0.205525346697834,0.256648013627031,0.274308781818917,0.299136752208585,0.346304973663646,2.16645153939314,7
"mean.WMD.HR.A[8]",0.271692214918647,0.0319107266449586,0.211720278159088,0.248327222036073,0.271776400251606,0.298168942335575,0.325376205938839,2.27584203041683,7
"mean.WMD.HR.A[9]",0.242768218921963,0.0280390748320333,0.197261734392355,0.220364807351722,0.238690790470272,0.26354260891516,0.303301227210429,2.16959743874208,7
"mean.WMD.HR.A[10]",0.257172211796684,0.0262528850611679,0.212236013749755,0.237892462213732,0.254140098345319,0.277822645723862,0.306916518218176,1.6950522053847,9
"mean.WMD.HR.A[11]",0.316546082160707,0.0259875910526265,0.25417272064546,0.305247718711813,0.322248268139319,0.333256563095718,0.357541521948167,1.6631430619456,10
"mean.WMD.HR.A[12]",0.27788163767085,0.0271758288891265,0.222685932164131,0.260354869831524,0.280686649377638,0.297605274243597,0.323314792620418,1.85144625566512,8
"mean.WMD.HR.A[13]",0.246039040866316,0.0294368461430405,0.190325343412094,0.219049973642064,0.254322507844562,0.267911868440746,0.296801228413229,1.95763476544365,8
"mean.WMD.HR.A[14]",0.232926108280596,0.0282725928846817,0.171924235813707,0.211822457797459,0.2317034517734,0.254734222035706,0.285314340035311,1.54246405173837,11
"mean.WMD.HR.A[15]",0.256974530310806,0.0223916471541901,0.220959365325306,0.238782362030587,0.25502400774746,0.274738018973461,0.302345714219616,1.38930039786103,13
"mean.WMD.HR.A[16]",0.303942952176194,0.0290033632129248,0.253773763238593,0.27655428036407,0.308315125420615,0.326624896481383,0.351459160133252,1.94694340709214,8
"mean.WMD.HR.A[17]",0.294414830393746,0.0203974594818283,0.252605865797143,0.280289890769414,0.294860091076736,0.309447505909815,0.332981353080466,1.59227755573468,10
"mean.WMD.HR.A[18]",0.241289391783629,0.035143494973542,0.1808514882369,0.207778095330463,0.247387003516625,0.269370723554691,0.306398761204708,2.55486093951539,6
"mean.WMD.HR.A[19]",0.240499807341892,0.0391899199779395,0.171215883378311,0.208410250857948,0.240600642459592,0.27598651776821,0.305102174016025,3.14901710339335,6
"mean.WMD.HR.A[20]",0.246297422574004,0.0290200429227147,0.194112276543477,0.2243211512247,0.248889114385067,0.267574910970129,0.299095002147555,1.92254208079857,8
"mean.WMD.HR.A[21]",0.345432097060848,0.0261780794128326,0.287056238890271,0.329584819720718,0.346078314639141,0.361433827262869,0.407021355021109,1.25877369403941,20
"mean.WMD.HR.A[22]",0.328440128187133,0.0214770713652947,0.278993264287098,0.313216334928123,0.328107630769687,0.343618428253887,0.368849440503976,1.45122556290547,12
"mean.WMD.HR.A[23]",0.333445381471347,0.0285499368219063,0.284369599140537,0.313760925846619,0.332339486943997,0.353255726449425,0.389624580474968,2.05506456197625,7
"mean.WMD.HR.A[24]",0.371400403814359,0.0227119422225295,0.330164381163623,0.35422687277906,0.372275443264529,0.389302802292297,0.409756581419446,1.23070253876406,18
"mean.WMD.HR.A[25]",0.310467803142664,0.0441942120581974,0.218053006052968,0.297015851025263,0.325019611186401,0.338581519928344,0.369449984394321,3.83895686647961,6
"mean.WMD.HR.J[1]",0.122286213350928,0.0150864500400227,0.0958158301369912,0.110805455523431,0.121682231967267,0.133446014388186,0.150325831543245,2.38261773690756,7
"mean.WMD.HR.J[2]",0.114597653131821,0.0147246875871204,0.0890862864594118,0.103642786351649,0.113143664257608,0.125155170593244,0.142250320704187,1.94106352558296,8
"mean.WMD.HR.J[3]",0.111901079475803,0.0116039768859523,0.0917728562122329,0.103560909170456,0.111682636355071,0.120040413863368,0.134897151745,1.90783020625563,8
"mean.WMD.HR.J[4]",0.132047256641499,0.0123389613490127,0.112887982111946,0.121945704956946,0.131780431065754,0.140125959653177,0.158424964329026,1.51794004169363,11
"mean.WMD.HR.J[5]",0.141875575189704,0.0157384180406762,0.115033501030136,0.128341186851419,0.143900155950077,0.154216964998458,0.169507094469665,1.62613744417016,10
"mean.WMD.HR.J[6]",0.133680126695953,0.015702063106971,0.110170920129693,0.122476794080307,0.129658292671432,0.142723423725932,0.170514983412077,1.88255991008,8
"mean.WMD.HR.J[7]",0.120901625218009,0.0187768974633807,0.0941436623561224,0.106059653128586,0.116769250413089,0.13073491778708,0.163387774556314,2.31119744560501,7
"mean.WMD.HR.J[8]",0.118765729254025,0.0140691116017348,0.0980876255741334,0.108991838686417,0.114927423141361,0.131255457841296,0.147354285560126,2.17412871238418,7
"mean.WMD.HR.J[9]",0.103499055306874,0.0124299205366408,0.0863087198107573,0.0952367314079861,0.0998106846810806,0.108440849675785,0.132753519572628,2.53277329237299,6
"mean.WMD.HR.J[10]",0.110472705178505,0.0121102903766121,0.0902078494590825,0.101559749600686,0.108646277063959,0.118794771418587,0.134657748562343,1.96134759163257,8
"mean.WMD.HR.J[11]",0.143460983496405,0.0150849597703591,0.11421733466429,0.131876310630411,0.145375530777374,0.154344294581987,0.170439103585849,1.58718969603514,10
"mean.WMD.HR.J[12]",0.120168494908839,0.0130121149494251,0.100784639987776,0.10947604468099,0.117163098010543,0.130094765947822,0.145242641085118,2.03070325761201,7
"mean.WMD.HR.J[13]",0.104797347091541,0.011494840208313,0.084401099991501,0.0955283996142645,0.106157133794676,0.112916786920123,0.126351980115918,1.93184478259971,8
"mean.WMD.HR.J[14]",0.0983310394008454,0.011406556034258,0.0741910450020497,0.091029314823,0.0970490960924136,0.105692267105877,0.121022846658831,1.67918131939728,9
"mean.WMD.HR.J[15]",0.110138611595302,0.0125085497191037,0.0892449671725751,0.100609820589569,0.109470426151715,0.118051257623415,0.135978657568958,1.52327387495322,11
"mean.WMD.HR.J[16]",0.137573753362279,0.0132854345741953,0.116637031483535,0.1261925091248,0.136489296372008,0.148569273401993,0.161737504007625,1.51610511780194,11
"mean.WMD.HR.J[17]",0.131386552958994,0.0110160392202999,0.110204875888595,0.12231333348529,0.132814696802726,0.139794735082099,0.149858923969894,1.17053382900867,23
"mean.WMD.HR.J[18]",0.102370933795989,0.015488195918695,0.0745002628323925,0.0902709900873065,0.100526893100075,0.114122308095644,0.135290273859979,2.51305128426056,7
"mean.WMD.HR.J[19]",0.102494594400227,0.0167196929836557,0.0719557987865059,0.0928229714488823,0.100671253238033,0.113428592445684,0.134877595911495,3.04596988686468,6
"mean.WMD.HR.J[20]",0.104475985374151,0.0127828332518051,0.0825566428867228,0.0954827390559789,0.102265447023345,0.111834714414135,0.130166693182783,1.89514600490532,8
"mean.WMD.HR.J[21]",0.163013896260481,0.0215195032304035,0.115474623044285,0.154152149897805,0.165244099455095,0.175166220434141,0.206876867012379,1.66639963951281,10
"mean.WMD.HR.J[22]",0.149873330279027,0.0144117480635924,0.124264414377647,0.139407078817992,0.150150403057192,0.160479033889204,0.174358609151247,1.58272444936408,10
"mean.WMD.HR.J[23]",0.154384285897279,0.0152966283189848,0.131296315854759,0.140525670515604,0.154805989379717,0.16607183698543,0.184777170868923,1.47893930281616,11
"mean.WMD.HR.J[24]",0.176872789688853,0.0188474907979095,0.139439295330168,0.165946797398685,0.178859638004861,0.190539343018951,0.208307611375562,1.46055825379376,12
"mean.WMD.HR.J[25]",0.143405388016202,0.0182923659733711,0.109014251581977,0.130130918371802,0.1462540683773,0.15786650289956,0.174795198407228,1.96750265110569,8
"totalS.A[1]",0.370557956399737,0.0206435681458188,0.326614204124749,0.356367456210907,0.372110848202548,0.386534950635098,0.404570513890139,1.51823384764292,11
"totalS.A[2]",0.37934507720318,0.023173696990438,0.331892543197355,0.366733185086699,0.380231872427456,0.394988024701571,0.423030083862783,1.80437349080207,9
"totalS.A[3]",0.381440706874135,0.0212245859737369,0.335920452775515,0.367398880769536,0.383719821997096,0.397787681755464,0.415841479457895,1.7563227915477,9
"totalS.A[4]",0.362641137295864,0.0182809300532959,0.328834626248661,0.348959032305402,0.363916992652049,0.377412463547657,0.394348183399475,1.4397021572899,12
"totalS.A[5]",0.352258816368574,0.0196573350031319,0.323677785365024,0.335657262128549,0.349868331391753,0.365105555598408,0.392351173682803,1.56278345120017,10
"totalS.A[6]",0.362372648237139,0.0206873262788937,0.323121861852025,0.345484265233548,0.364947580704465,0.380447198515864,0.393391134978355,1.59335651748071,10
"totalS.A[7]",0.372188877290947,0.0219266185486827,0.336793168407368,0.355209002807033,0.370009447349626,0.385403478095524,0.422097554017616,1.4544026653214,12
"totalS.A[8]",0.374707419758033,0.0227018100866061,0.331569067390251,0.358415663337739,0.375294703067502,0.392995650643612,0.414464354457795,1.64331121323501,10
"totalS.A[9]",0.389566136460475,0.0213075280299832,0.345507705027846,0.375361450023638,0.395049728598657,0.405539288448591,0.421535037402473,1.38014312733256,14
"totalS.A[10]",0.382205439097645,0.0213641192033296,0.339188805335435,0.36555612822535,0.386671624019466,0.399710693754319,0.412901743271507,1.31787722736728,15
"totalS.A[11]",0.35162545184465,0.0199801647414788,0.319035616012416,0.336874850110304,0.34862216884866,0.364737513111013,0.395026423534999,1.50787323772091,11
"totalS.A[12]",0.371510301775484,0.0208001722122572,0.336695309887228,0.354707574264625,0.37168071315441,0.386416896464179,0.410714642645778,1.3845559952327,14
"totalS.A[13]",0.388062070792899,0.0246109443271228,0.33994419240557,0.369541081422555,0.393901147813299,0.405957408149772,0.426825382076724,1.5373773416855,11
"totalS.A[14]",0.394734680505561,0.0233042753510211,0.346822874979089,0.380539293631428,0.399511464599868,0.410810644232124,0.435312330309028,1.35072973277838,15
"totalS.A[15]",0.382168299734731,0.0175225702386468,0.346497854045588,0.36945407166511,0.384117454911675,0.394412474044658,0.41281593534407,1.2835617301897,16
"totalS.A[16]",0.358095228398134,0.0208626449248158,0.321719480755908,0.341378906255979,0.35837773250852,0.374645162707517,0.39384531765807,1.58648842474795,10
"totalS.A[17]",0.362966702355724,0.0174582985651756,0.328464992540694,0.351425229260783,0.3661763378498,0.375952586631,0.393443978607641,1.63146114362369,10
"totalS.A[18]",0.390368257746465,0.0246024437175116,0.342884806426686,0.371043314750827,0.3938361411632,0.4112947937925,0.428409255858238,1.76589357690926,9
"totalS.A[19]",0.390810009527235,0.0265970400719217,0.338016183971121,0.370509302947385,0.393850754063744,0.41329389901556,0.432972075834601,1.97659316536334,8
"totalS.A[20]",0.387796442618363,0.0224616189073146,0.346973436188025,0.370819954389993,0.390533408435673,0.405415079339216,0.424874488957289,1.56892621112411,10
"totalS.A[21]",0.336525402186572,0.0147629333177344,0.303955847426804,0.328023597663819,0.337462235317086,0.346975402189067,0.363106779364,1.16984362125139,26
"totalS.A[22]",0.345372506144404,0.0153712782701403,0.312702995675092,0.334732073837412,0.34739419388412,0.356975927036806,0.369563781526745,1.22148732581272,20
"totalS.A[23]",0.342808229756761,0.0183859362510819,0.311149102805517,0.32658365465385,0.345309329798987,0.358228742963385,0.373343406950975,1.60939627222501,10
"totalS.A[24]",0.323266737010389,0.0153106381575483,0.296982139496812,0.312292628913471,0.321982476700123,0.331960295026792,0.357057118968793,1.38062938561444,13
"totalS.A[25]",0.354676937738616,0.0260424428919229,0.316467614400137,0.333006593885463,0.350358754997267,0.372062903256486,0.407613238226643,2.67636709044485,6
"totalS.J[1]",0.451413708351859,0.0165726281181128,0.415358465256482,0.441276655463335,0.454960149743061,0.463048531427283,0.478099752645092,1.45234630448598,12
"totalS.J[2]",0.455414391438411,0.0178244853910743,0.417896286818146,0.446588217320287,0.457866886738308,0.468619695901502,0.484424812846849,1.65086939252935,10
"totalS.J[3]",0.456796928960293,0.0171211976579429,0.42025029764991,0.446843426652545,0.460609132328179,0.469327962203723,0.482207480518818,1.57654387517649,10
"totalS.J[4]",0.446368336500697,0.0151604450140129,0.415616571368632,0.435849749921081,0.448486812201931,0.457663748285174,0.471888564802928,1.42026117723169,13
"totalS.J[5]",0.44131706814758,0.0159811077587016,0.413960172404436,0.42783020987291,0.440866084085104,0.454877545197653,0.468931556498859,1.55237434587039,10
"totalS.J[6]",0.445488370290114,0.0147455340297294,0.413546672329591,0.437372699299612,0.449260713188233,0.455793938605999,0.468479946453057,1.36630579672981,14
"totalS.J[7]",0.452073032567183,0.0162585862794356,0.420624482005166,0.441539766169016,0.454209494921177,0.463522735998414,0.480829315866137,1.32678073404759,15
"totalS.J[8]",0.453251388975155,0.0171215841703167,0.417871451788918,0.442896585109872,0.456791074538208,0.466429319265582,0.478604650617017,1.48225466061198,12
"totalS.J[9]",0.461110013244619,0.0171801352486496,0.424348717377394,0.45270611763429,0.465496225506731,0.473604275161367,0.485599944559977,1.35043457121253,15
"totalS.J[10]",0.457542519664092,0.0175405864523264,0.422339216157375,0.446474237636291,0.461683174747921,0.470143057259507,0.485377479830525,1.37028148195102,14
"totalS.J[11]",0.440525268290832,0.0164470084696994,0.411357757562256,0.42797585659177,0.440486074192942,0.45294814139849,0.471572078766424,1.54554351446302,10
"totalS.J[12]",0.452523792060163,0.0167571391601319,0.420217792629522,0.44079274515147,0.455120942486646,0.465445118652098,0.478957203078662,1.39440434866795,13
"totalS.J[13]",0.460530518244941,0.0191972100104085,0.422073705788177,0.448800156429682,0.464860780571352,0.475150663987518,0.489052873971163,1.48822747515882,12
"totalS.J[14]",0.46382772417934,0.0186055100902822,0.425469892781719,0.45582069312169,0.467631069222145,0.476539338223009,0.492491779729234,1.39272537737617,14
"totalS.J[15]",0.457648068448871,0.0158756439217483,0.425799407791853,0.447862986797708,0.460738776223425,0.468215897143475,0.485421239875693,1.43977196558909,12
"totalS.J[16]",0.44354822596491,0.0159032440131095,0.412746944123954,0.431068324932628,0.445715435152814,0.45621462762081,0.46901063760808,1.46969980528556,12
"totalS.J[17]",0.446722925575433,0.0153339793888043,0.415441820807692,0.437218787374233,0.449305115596893,0.456567059330818,0.47435900092915,1.61376937509375,10
"totalS.J[18]",0.461711222351054,0.0183601806864472,0.422970588549184,0.451802590920918,0.466403863739312,0.474988604380794,0.490375454686032,1.57061773889017,10
"totalS.J[19]",0.461662910012944,0.0189713069411945,0.420222856993021,0.451639802755418,0.466659352682132,0.475340682302644,0.488316052766311,1.65965296911977,10
"totalS.J[20]",0.460632315236522,0.0179009660046414,0.424770202091386,0.450345335082527,0.46455592583522,0.47335611339188,0.488747568294206,1.52965717537159,11
"totalS.J[21]",0.430317291724301,0.0138749055233507,0.404991344657956,0.41978241022365,0.430300918640776,0.43958666821523,0.459095647539287,1.49736499333043,11
"totalS.J[22]",0.437143384580785,0.0136530609376705,0.408304838114983,0.427813628693056,0.439476839246054,0.446890819144684,0.459497597459682,1.3643559372669,14
"totalS.J[23]",0.43482384777242,0.0138848630906939,0.407381299521666,0.425552449992462,0.437044260581231,0.44461751451715,0.460161143107033,1.45862978572489,12
"totalS.J[24]",0.423224328490298,0.0137721546638069,0.400179111206142,0.412620248725314,0.421586497472761,0.433221711868509,0.452802374977904,1.63974899246524,9
"totalS.J[25]",0.440504561784406,0.0158937972817367,0.410126817463954,0.428648731889484,0.443055832087332,0.452891757959104,0.46593634805566,1.85838820760148,8
