"Trial","WMD","1","2","3","4","5","6","7","8","9","10","11","12","13","14","15","16","17"
1,1,0.445032990748683,0.759961844781945,0.613403783609707,-0.487245730814885,-0.0300606621400741,0.361742602856389,0.613586921638166,0.798406733927405,0.562089834221479,0.406986528862073,-1.28152369998496,0.555854881222992,1.56820469533873,-0.567662894129239,NA,NA,NA
1,2,0.170156047679182,0.127474444001955,-0.119192109441342,-0.529690268286774,0.125341826526246,0.286784298779695,-0.151813609941799,-0.571028868990908,0.127066996173671,-0.0317360376055111,0.181350770982708,0.688065959162633,-0.179281612119553,0.0644299946202276,NA,NA,NA
1,3,-0.259733083029958,-0.227813522072952,-0.342897186883609,0.18044012858044,0.158057553181644,-0.184924099195494,-0.0503862784268299,-0.391314326456935,0.199520261147922,-0.0199012369555558,-0.0447255883809294,-0.342530585688989,0.0919459705811347,0.304697116006641,NA,NA,NA
1,4,-0.124374109379635,-0.0686681224330206,-0.450068968251425,-0.397837717612209,0.0454650976838631,0.169011033620192,-0.180958533638833,-0.472741781049435,-0.199586513575638,-0.378961166014629,-0.403894114039101,-0.110258068253822,-0.478561968148417,-0.234589318747881,NA,NA,NA
1,5,-0.0205941679719104,-0.0465610918014703,-0.337367397984516,-0.641416676990826,-0.0162666717695799,-0.00173908700181413,-0.496690179309284,-0.574025491611059,-0.501926664619962,-0.23435857537641,-0.423981825415092,-0.0797917421938721,-0.28696337271316,-0.358104525286256,NA,NA,NA
1,6,0.374357893103882,0.119099263703102,-0.370498909527354,-0.176580249000216,-0.427173176844512,-0.0939928652857471,0.0919671439242078,-0.590082905276432,-0.132226528579255,-0.125115949008968,0.223724812324118,-0.0652672154310345,0.00513156586632291,-0.0156806454947487,NA,NA,NA
1,7,-0.0816597452985264,0.331021687229987,0.154094625162369,-0.336600646829107,-0.0229838714864936,0.0338049088651526,0.00373562909335168,-0.228657187250434,-0.112602433491577,0.118114486905114,0.273383953144601,-0.571250177253192,-0.409711835556228,-0.751433314118363,NA,NA,NA
1,8,0.135941419513517,-0.38204617350206,-0.232311076780818,-0.0522595200283569,0.521975715031956,-0.133358890916254,-0.682095224731425,-0.0972255288611721,-0.400701318699092,-0.49982687033688,-0.390509253370952,-0.113177186115678,-0.045649043420023,-0.0413454494661805,NA,NA,NA
1,9,-0.0510205735058855,-0.268857698517673,-0.613624675259851,-0.886254262443565,-0.364240625422203,-0.205087653133549,-0.316940970376217,-0.412512128708269,-0.623004717013971,-0.414815003679265,-0.688043510667376,-0.882622859796745,-0.420340902812201,-0.255190370181795,NA,NA,NA
1,10,-0.366054346001989,-0.265463963488459,-0.421402768260826,-0.212132610540945,-0.398303527270615,-0.485027390358912,-0.119897013854982,-0.206624114314514,-0.456672407447792,-0.462237914595612,-0.578565712422582,-0.717896966715291,-0.165328301986495,-0.251798828695431,NA,NA,NA
1,11,-0.299902108028558,-0.0321431260664,-0.393351752311964,-0.282953774353707,-0.343652604181183,-0.180112267547371,-0.219816631083661,-0.626069945703459,-0.681762163387639,-0.091770718659681,-0.57853880282588,-0.513426492517803,-0.481582048376144,-0.347355564615015,NA,NA,NA
1,12,0.279976859698325,0.786742102844881,-0.762109850741605,-1.35060190479827,-0.323711331877456,-0.482661959912859,0.177334201921558,-0.0115987185872972,-0.0848404851923612,0.655160171475075,-0.279224823511416,0.252644561948349,-0.0466946628916083,0.381462723410405,NA,NA,NA
1,13,-0.104978019996051,0.199020175892514,0.0592525784080937,-0.152291501486075,-0.376482200938454,-0.495838938074583,-0.292765971686228,-0.146076288109825,-0.229647218576997,-0.145267972948363,-0.714773658378206,-0.132899451304222,-0.241248204971241,-0.258869569155481,NA,NA,NA
1,14,-0.190353682568959,0.0449143103038612,-0.0583734441275277,-0.479035641575641,-0.627304591642381,-0.600389891220991,-0.513980233802498,-0.510541231613522,-0.616123122573614,-0.154757545264545,-0.642598659879248,-0.382316517848119,-0.485238564314121,-0.417915212175042,NA,NA,NA
1,15,-0.0276255159496233,0.408194836801473,-0.339323211506461,-0.581741560183874,-0.0129103532069612,-0.27454752735491,0.0144899986158897,-0.149792834648254,-0.819023540868646,-0.59845236454343,-0.470039422328039,-0.0672705958447757,-0.335019749544361,-0.623087003692617,NA,NA,NA
1,16,-0.259360605376013,-0.175085394182158,-0.153887456039618,-0.0932942350547796,-0.592503289410429,-0.422250213640815,-0.205287389585839,-0.352563540267978,-0.416869143541779,-0.144295860424778,-0.0285420784371426,-0.333373907682861,-0.352697019650871,-0.331051627116831,NA,NA,NA
1,17,0.526956952197186,-0.259763923716891,-0.41994112279463,0.139280047941961,-0.193498943470198,-0.650374579855332,-0.460217029759465,0.373151987260649,0.405776096651459,-0.570690848704877,-0.478962167678344,-0.222197645061227,-0.192281431497674,-0.0798415735541818,NA,NA,NA
1,18,-0.625776201763497,-0.215968393057279,-0.599629930903002,-0.475936249918047,0.231458883257059,0.182597280158043,0.0603058465554918,0.320514582101596,0.132945449271962,-0.0624800899504776,-0.338615441028574,-0.077267483140752,-0.591271058205287,0.0215845233158933,NA,NA,NA
1,19,-0.360971225791067,-0.360814669911423,-0.675209118933799,-0.22395393535621,-0.113822866737869,-0.162656119573391,-0.431294999257812,-0.26164716912071,-0.378308333132934,-0.418006670669991,-0.40409802884383,-0.125992949293966,-0.218807519561586,-0.352341035511035,NA,NA,NA
1,20,0.225730886004163,0.330293441994311,0.205492453264688,0.130989243393927,-0.130456835193712,0.466132882751357,0.462223634769424,0.0911592700413204,-0.19504797418002,-0.896731701215467,-0.190988194028155,-0.140673544942226,0.435107061519242,-1.38683058268132,NA,NA,NA
1,21,0.0611665350448825,-0.299937698741296,-0.285490000775396,-0.026028822597123,-0.246498990201043,-0.349274662059468,0.0176155031709864,-0.00923315683398562,-0.411311259800691,-0.0696012945768258,-0.265293054936748,0.342360030723256,-0.0430925857509992,-0.37461162479429,NA,NA,NA
1,22,-0.476451260222869,-0.223359883080713,-0.161228626181339,-0.32436412653484,-0.322012721413464,-0.0505129603520456,0.152551128014774,-0.258273470286,0.260210312604427,0.398860231372652,-0.0498195331657552,-0.981525226023065,0.0327163992260224,-0.0658846973746192,NA,NA,NA
1,23,0.0138823196636679,-0.0345907251248196,-0.502108954873542,-0.534996091890584,-0.706195756148702,0.0970708963299001,0.349302078155449,-0.573734316815619,-0.0879439376356483,-0.26109427202089,-0.749279280766472,-0.338565714133298,-0.0253619770021927,-0.0118433576365653,NA,NA,NA
1,24,-0.323886671905997,0.104648810777529,-0.0229884064375656,-0.240298039325509,-0.211676108685323,-0.112952693038348,-0.310180637004575,-0.385014125491086,-0.106751765886943,-0.282876333284417,0.0757742151308713,-0.271657812528494,-0.669915359638616,0.11244739154163,NA,NA,NA
1,25,-0.0680309876840657,0.51947024505293,0.517502585787852,0.139049488013556,0.653557223896362,-1.22181317767231,0.470976600573959,0.685139213598614,0.868567038060409,0.12013582578217,0.838728956417144,-0.126045249181329,1.48798370376172,1.83315887821047,NA,NA,NA
2,1,0.248602586998331,-0.202539685411677,-0.0603449151729871,0.31752707299383,-0.00651311275968158,0.35788373755777,-0.0129564690162505,0.475381968061896,0.601779907770611,0.356351987118481,-0.169140357196548,0.0666385085016123,0.445968118088962,0.429829439436101,0.302095052375811,-0.675950345161126,NA
2,2,-0.0965468987734786,-0.238599699093506,-0.21040652904773,-0.364775132837856,-0.0677735088081435,0.198799701622678,0.17205793168955,-0.00205053588733284,-0.350574268842611,0.155992327345095,-0.141330772045736,-0.13200893872272,0.0347780224581018,0.0537512807446381,0.126960385935984,-0.242156540883605,NA
2,3,0.0484315800302855,0.512927345739363,0.0962065456582382,-0.246553185303332,0.649155638354405,0.739568493150156,0.642555018804208,-0.011759272621259,0.292498667393132,-0.792159178771997,-0.780819218466531,0.796267115117153,0.390964196401503,0.480982485822083,0.567130173295499,-1.76658062668057,NA
2,4,0.330983978272962,0.463274824033476,-0.0716975369221919,0.342445577456161,0.0759629455513788,0.888548299995968,0.397543771003494,0.020079022505437,0.344584196102686,0.751962796352299,-0.174756174999518,0.470412571818259,0.733745085589659,-0.199047885022352,-0.152365227355498,0.907713761585465,NA
2,5,-0.0705776563893774,0.0103403380936253,-0.00195915552702464,-0.328386385093846,-0.477471202813167,-0.495306995079634,0.148067831985554,-0.0035315005572949,0.289315933784347,-0.192896096788722,-0.106438881112614,0.261162054413608,0.238960990725708,-0.438827999406705,-0.383291154678862,0.0292270711850944,NA
2,6,0.126581670145113,-0.0727182957180865,0.172309841073886,-0.260470859827218,0.0170624750642723,0.233472554361378,0.148263590924884,0.141553145866012,0.692148138053023,-0.430161536681524,-0.582613276696974,0.119435214917595,-0.0186550875957383,0.634408489468463,0.0480087161377041,-0.184011982923211,NA
2,7,0.351890558439794,0.1696343670607,0.982045421640076,-0.569111871559737,-1.20941335747262,-0.674250367059714,-0.733724799812702,-0.69630311830496,0.0507732112286612,-0.605642022145789,0.467087252394891,0.151704835995752,-0.0242682541538382,-1.06134564735083,0.167561997347192,-0.163018175537465,NA
2,8,0.168848155448062,0.154884164360587,0.168165738574221,0.0531725459911887,0.00632286095366297,-0.629751755488075,-0.430389385210278,0.17988649130125,0.346922449215591,0.268833508681898,0.301219946878163,-0.280302125541895,-0.282240828555831,0.148867262493324,0.527175791441464,0.218701924941555,NA
2,9,0.274790291370185,-0.0268047571830132,0.230277672784674,-0.00680219209641031,0.291941510123442,-0.209447660730552,0.368737825929655,0.12020541280941,0.358525542371502,0.172854279323428,0.032744433980243,-0.150127247293785,0.221119290927752,0.699702067625842,0.100155102574417,-0.0685807809388457,NA
2,10,-0.191814840793412,0.157510165405717,0.29180770503413,-0.143445703775682,0.125787676552224,0.0357729247615131,0.224886997953465,0.202621227491723,0.320212653120666,0.295291032943515,0.141670745697029,-0.31132619635592,0.933174388070748,0.470348551642122,-0.223955109146613,0.966808494710004,NA
2,11,-0.0418615856727673,-0.409978000787999,-0.351539578114552,-0.233549192600679,0.0498392252385913,-0.0271704682434852,-0.165206168493697,0.159773362729569,-0.219807633478914,-0.140108079433039,0.000313477382738236,-0.0452764520571438,-0.0805695552732117,-0.227425125038895,-0.0206206338262487,0.00396396449487879,NA
2,12,0.179732524669566,-0.254288800245102,-0.520166234871972,-0.487197128779758,-0.0771506882247055,-0.0284500606446447,-0.167734888522533,-0.18117006425191,-0.355539372357711,0.144506400235913,-0.00544688939847604,-0.0122342618196416,-0.1337893297085,-0.30751816738291,0.0755093107416651,0.0788348713499485,NA
2,13,0.109868864599421,-0.105268555311367,-0.179203957360235,-0.104395034345941,0.000493594370933215,0.0977525545510949,0.147884042052809,0.203066372482383,-0.0418614620086317,-0.163746366191101,-0.0484130087173849,-0.124463766470823,-0.00643279279099263,0.030016199758919,0.077802611406905,0.22328280186728,NA
2,14,0.360586775056316,0.0783093019953951,0.101002354869747,-0.158509814930824,-0.0978350798090541,-0.0193124434178555,0.121233378425438,0.366855864191102,0.227429302109607,-0.0427331033576575,-0.0150827583711595,0.113973640955769,0.362899738733127,0.0361888909423196,-0.0442511657116784,-0.24965320296456,NA
2,15,0.303231875176473,0.0614892408117547,-0.0764517977746832,0.518649764629339,-0.168989085374514,-0.656405952475597,0.0849111537120599,0.298836506484851,0.362242174166141,-0.155502102189646,0.205331114981208,-0.48507307322942,-0.672793459003662,0.510781798964842,0.433959566371707,0.651247741376063,NA
2,16,0.0673168302202305,-0.162710352796889,-0.250062630692678,-0.0270825244638035,0.39337078004155,0.312943286732963,-0.153641722750006,0.0027768234918184,0.150911962280858,-0.0120623700683353,-0.0557459211362976,-0.0994735976805161,-0.0599397379708562,-0.064861695713992,0.235451823940164,-0.201607165169586,NA
2,17,0.987870237620478,0.725037145411322,0.0512774583700133,-0.667624840666066,0.336859349389191,-1.89674877616088,0.430700118318099,0.0448865798318585,-1.30739681605999,-0.71959632276395,0.438971069715243,0.478350306400677,-1.21718549782751,0.795192487969072,-0.651466335674511,1.05021296034487,NA
2,18,0.281055913383049,-0.350149880630451,0.267798427784714,-0.233842425371884,-0.097072911588185,0.357568208080874,0.27628657185659,0.462307792007174,0.266880374708673,0.0896432668588731,-0.0535639245421684,0.12303461873074,0.204410108480443,-0.500584901047002,0.48108343407292,0.850640205827565,NA
2,19,-0.0692093188854961,0.0156917238684569,0.106747444858509,0.164466645445249,0.00481004459725454,0.392131559538199,0.594736546403076,-0.00356458959365025,-0.69734576012641,0.671458781695074,0.360714657086228,-0.517945598412979,-0.68006609360775,0.443774400673508,0.643737708272863,0.0231031867167606,NA
2,20,0.251727686067621,-0.337893804935636,-0.0349883440649066,0.131116716051336,0.519110619593489,0.528724112959307,-0.476053698921133,0.333334599671502,1.04032798958635,-0.437562339920794,-1.36026677734382,0.354823840640351,-0.0308922461715784,0.476317514602187,1.02346722675377,-0.680041017859572,NA
2,21,0.176970697136908,-0.0606920307081402,0.194009694988588,0.359926950567466,0.108322405227508,-0.366141848009599,0.265445826849933,0.511876334388678,0.445188282687715,-0.774132979608521,0.118723969452469,0.454532788822924,0.495344522754224,-0.106809011867063,0.916007199970996,-0.537291053909142,NA
2,22,-0.0886442297323586,0.105318678240022,0.429138346338385,-0.3888320584012,-0.449414180595368,0.0332006322386196,-0.113680415552197,0.159062767716401,-0.078856100028089,-0.467021783719375,-0.0698533099695104,0.196498587221594,-0.636495140558297,-0.587134526054185,0.356201200320628,-0.214520666290575,NA
2,23,0.332658985695163,0.173455067775983,0.194897893651016,0.529460616840854,0.462241178000169,0.250984687472872,0.423580198980131,0.887782927547754,1.16683075254932,-0.524748552070337,0.0552619449433558,-0.0221828989951134,0.551198903778283,0.979905097540703,0.71935388266975,-0.0309056367962248,NA
2,24,0.0315437845732867,0.402246047341528,0.668238373307436,0.549377324149486,-0.164810930523769,0.220252847187619,0.778768751178953,0.112186946723039,0.597311675833733,0.476708576177588,0.821427265920227,0.475238020913556,-0.738001266862743,0.958783507095876,0.28751195745243,-2.33180296624391,NA
2,25,0.890398056275305,0.094766278110173,0.758398990959226,0.739773666252202,-0.13148990820106,-0.131237065673834,0.809754281100371,-0.0826240454508778,-0.631971099759054,0.845675155378824,-0.16762154973348,0.000884111340113236,0.551531887604425,1.37191253982105,-0.502050544470968,-0.289079717692396,NA
3,1,0.782527809319222,0.597287090471543,0.266225110768456,0.431383776404463,0.579073818945207,0.475665727744958,-0.833890819166525,-0.431804363493525,1.37903456480224,-0.00818925218000777,-2.28890126593371,0.823317162447174,NA,NA,NA,NA,NA
3,2,0.133233879476415,0.205544449413517,0.141981838787122,0.309196648785227,0.299451398349993,-0.142108539257674,-0.498717369790513,0.0751975086699224,0.235012658529676,0.842683901537783,0.858741342902845,-0.53375598958358,NA,NA,NA,NA,NA
3,3,-0.377425907089632,-0.245604913706806,0.157023059194231,0.361591058800395,-0.208820921060507,-0.378619425217672,0.21151112189586,1.06271588645571,0.0791236825935357,-0.522158149127341,-0.226832979749043,0.234654370669035,NA,NA,NA,NA,NA
3,4,0.145342773505704,0.247511493351562,0.304474759279145,-0.0942241469262657,0.866113073104551,0.0355257305040817,0.718185116236249,0.543995231304193,0.75189473290035,0.973141579139563,0.818381555402275,-2.7219806401839,NA,NA,NA,NA,NA
3,5,-0.143826601767397,0.0539563069504749,0.48741757859822,0.376627200755718,0.127425820716978,-0.123192582789839,-0.110957750746469,-0.226471130695217,0.332900579739952,0.955453128806403,-0.269090280670796,-0.228475763849035,NA,NA,NA,NA,NA
3,6,0.248422110090292,0.721382875609668,-0.0674612298523034,-0.00649960670864247,-0.301614773871034,0.757662863182441,0.0357476793335518,-0.165958967843691,0.506160089375452,0.44438497827241,-0.23116685467098,-0.916214065553284,NA,NA,NA,NA,NA
3,7,0.189994906016548,-0.710804862166166,-0.369311510374912,-0.344860690242231,0.167069831200212,-0.822717914454439,-0.66322491049207,0.378546858071388,0.381897656138337,-0.355429975984871,-1.38897775892501,-0.156244424206477,NA,NA,NA,NA,NA
3,8,-0.0456322962701332,-0.507823513209987,-1.05133185161179,-0.298424036929692,-0.241050500961478,-0.262092916625684,-0.156244540293474,-0.389897075142007,-0.589960063201273,-0.461295317799548,-0.287270453181857,-0.365450601692576,NA,NA,NA,NA,NA
3,9,0.0749453034347694,0.128203649192502,-0.836525302520441,-0.256313584292393,-0.324339324445052,-0.196347917406754,-0.353708683224777,-0.212476544178002,0.108742609254822,-0.167675579989309,-0.801942665555943,-1.26286805767526,NA,NA,NA,NA,NA
3,10,0.0561421789044154,0.0707460212522353,0.00479346548720816,-0.60255734931851,-0.375790056566672,0.0443543290422013,-0.167955658238454,0.125057897186813,0.221292894221333,-0.326421544473848,-0.255949250536551,-1.04474819376733,NA,NA,NA,NA,NA
3,11,-0.266273737266244,0.354560911143836,0.316101973857711,0.516858288540742,0.383564759235034,-0.191363414051583,0.149215317070444,-0.038173801681801,0.0293105417051129,0.0221518785929642,0.479864918463321,1.08238258586137,NA,NA,NA,NA,NA
3,12,-0.368026692183328,-0.271424012881426,-0.237857620982177,-0.154077504017966,-0.323568187242043,-0.523242200410737,-0.0390430444240024,-0.146193063628296,-0.0465005231817071,-0.270145382449587,-0.149372460245992,-0.40788248299446,NA,NA,NA,NA,NA
3,13,-0.827639233930842,-0.24258542766121,-0.290746508557321,-0.127569389999008,-0.260739316740451,-0.422210232370839,-0.420219874144683,0.14062827584018,-0.283953262520284,-0.709456657704856,-0.368170221588647,-0.617633552677371,NA,NA,NA,NA,NA
3,14,-0.422059931023942,-0.48251169246828,-0.438941774404727,-0.465662062408683,-0.529833551968097,0.103598709364555,-0.50163208906754,-0.781220402250204,-0.354957033427945,-0.539401254020255,-0.255621281574001,-0.60704584011766,NA,NA,NA,NA,NA
3,15,0.0902419741465399,-0.0313252818970542,-0.631366583578653,-0.7546446672363,-0.494924002815493,-0.150140728241709,-0.245706340042964,-0.503538661459381,-0.566367150144822,-0.799820709533502,-0.615800463045684,-0.295427402860393,NA,NA,NA,NA,NA
3,16,-0.0760981537675431,-0.393716915637579,-0.227775337337689,-0.286811687501435,-0.207013844497567,-0.298154667189311,-0.628515868960119,-0.357866656266286,0.240340303252505,-0.411094260045513,-0.328287668489832,-0.139900830671871,NA,NA,NA,NA,NA
3,17,0.114631691427921,-0.553206395766415,-0.780045651190297,-0.750115134158477,-0.112410002138589,-0.354533092997622,-0.588497242039244,-0.467051102112571,0.0627524691740526,-0.121557088264696,-0.213069037295777,-0.312678636616286,NA,NA,NA,NA,NA
3,18,0.0422185874858896,0.389878407428283,0.294716434885932,1.02507821583364,-0.230091829100383,-0.204765858656189,0.638454439291448,0.681365788061478,0.231089713786677,-1.72413316164827,-0.876890547929803,0.0888755607550697,NA,NA,NA,NA,NA
3,19,0.146999037947655,-0.189014744978355,-0.137692141055215,-0.141014892330654,-0.258195910679632,-0.688792291351839,-0.151538853468072,-0.0271616775289951,0.038520390425439,-0.411948753067608,-0.516759182489212,-0.288032022032297,NA,NA,NA,NA,NA
3,20,0.0703051115833628,-0.406822646979133,0.195320569625539,-0.232653244921875,-0.0358116885243631,-0.0574595858198357,-0.263867088335353,-0.195806160516257,0.204188387958877,-0.464645353347663,-0.0848140506754591,-0.180539531631705,NA,NA,NA,NA,NA
3,21,0.412596154311594,0.183695733903712,0.183567669501157,0.0661940716498923,-0.46026870902403,-0.0656710750332836,0.122360055177891,0.00503064727734537,-0.279282975059573,-0.573480039961765,-0.448645273502084,0.127567162941117,NA,NA,NA,NA,NA
3,22,-0.209982250834959,-0.295585416279812,-0.640861847868959,-0.564136064151044,-0.322481495000217,-0.122943578215192,-0.142751627528379,-0.343529634481445,-0.0834560703150034,-0.351838515215271,-0.629479242955545,-0.459788623799696,NA,NA,NA,NA,NA
3,23,0.474759824747681,-0.427478045560061,-0.359010944076946,0.182963108470609,0.17415555242572,0.284607388775933,0.719056719368324,0.559317086472523,0.158385724936341,1.05693291413779,0.389425248689391,-1.03772242103014,NA,NA,NA,NA,NA
3,24,0.288211393740637,-0.2122805840379,0.55718568211428,0.332647121021297,-0.0894020079304823,0.141832750452068,0.010526054289786,0.442472983184475,-0.069365963296016,0.548919610514589,0.772679349006801,0.164729371464921,NA,NA,NA,NA,NA
3,25,0.53432835267082,-0.0215303308736947,0.0242345470817267,-0.442193391627121,0.0474546347327667,0.566306600534106,0.238313582787492,0.152696429796921,-0.124676203806634,0.409310680094366,-0.360888843794689,-0.352433524758383,NA,NA,NA,NA,NA
4,1,-0.042143535295218,0.166084608056573,0.003693141608613,0.275897295081468,0.417168305435,-0.179037540233153,-0.354631844674606,0.140885589264925,0.286313502020661,-0.267956615735917,-0.208045257680271,-0.135739004736084,NA,NA,NA,NA,NA
4,2,-0.410971490715829,0.45850600187827,0.920362614169437,-0.0316266165343653,-0.126495727750309,0.319788820515743,-0.020853455989631,0.154726860124386,1.07378483178975,0.115735965049092,-0.123284617375683,1.24162702849177,NA,NA,NA,NA,NA
4,3,-0.213739178003913,0.356381672232526,0.495648223230673,0.315974658623858,0.305789986569119,0.0141418613884219,0.520024784688984,0.259139530117645,0.314649510136324,-0.0517528638720341,0.130072353998414,0.130531108000877,NA,NA,NA,NA,NA
4,4,0.0758342928729541,0.169552116837743,0.082248637639589,-0.359477507653188,0.529278529170818,0.304556947898056,-0.145029959070881,0.152508724811689,0.32068189268048,0.348307472289228,0.122024929592601,0.175785351207602,NA,NA,NA,NA,NA
4,5,0.104945825798346,-0.585635495280819,-0.0572117048826899,-0.053177938974668,0.119475783727094,0.170641782502369,0.13491436247194,0.0474484993733428,0.167941089127609,0.0716799955117666,0.152348115826099,0.0551323133018415,NA,NA,NA,NA,NA
4,6,0.256878850724651,0.123170144093962,0.124847459507627,-0.361726384954941,-0.172546625047711,0.331384369848274,0.0675691612158522,0.241284256809233,0.318490559928109,0.0289842637008575,0.04625278894524,0.188589776978696,NA,NA,NA,NA,NA
4,7,0.0679707685870954,0.153840447088811,0.134864719820211,0.112966996914565,0.102849935974099,-0.0021172795701967,-0.0222440468461067,0.361921840627533,0.180396706686181,0.734691799558829,0.275696681286287,0.697854825248808,NA,NA,NA,NA,NA
4,8,-0.3550155464609,0.0947388293413149,-0.0901592308303427,-0.240716599535745,0.145699967665702,-0.774011385940411,-0.20054362609594,0.383221166161468,0.38093471063428,0.0244184288306799,-0.184701856973355,0.281425093293004,NA,NA,NA,NA,NA
4,9,-0.00463398852233676,0.183185129867889,-0.106098015474496,-0.0733417988609908,-0.153999599965764,-0.0750391233546219,-0.0965500874868392,0.186988806855559,0.150803380890947,-0.29338425388567,0.0419265579159318,0.222151046510175,NA,NA,NA,NA,NA
4,10,-0.121671652257679,-0.274359785678926,0.0282387509971092,-0.0916768489502213,-0.146809968523163,-0.0727773096216195,-0.0131035576988661,-0.0639234391655199,0.237345853526058,0.0227470801143155,-0.24226653919221,0.0174380930381377,NA,NA,NA,NA,NA
4,11,0.103372848413974,-0.0654406619346706,-0.110094078911613,0.0125774378811245,0.108174858826334,-0.0253483577993618,-0.0830031691914725,-0.0114119930519161,0.148488096450933,-0.128893430938255,-0.0296430379349313,-0.103886670858886,NA,NA,NA,NA,NA
4,12,0.00348311637206589,-0.0856195870471721,-0.115216574557972,0.0183121302220819,0.0957039472309067,-0.123878091038927,-0.164428673832332,-0.0875625041077666,0.0358903180746748,0.0320758177826979,-0.0923573198936756,-0.0858425950861561,NA,NA,NA,NA,NA
4,13,0.258211175331342,0.418071799164449,-0.490463351897962,0.289380057416425,-0.344647807672752,-0.810093977574039,-0.166292908770985,0.0975911674091445,-0.15864392299072,-0.200912782350202,-0.366022626709327,-0.485026048906016,NA,NA,NA,NA,NA
4,14,0.0349040515180434,0.0285752215140713,-0.340835330365427,0.00843655778448293,-0.0819190585412475,-0.200342676090512,-0.302626136886032,-0.0940971709887735,0.16802465106433,0.0505260206376068,-0.0250067135503904,-0.01018579538658,NA,NA,NA,NA,NA
4,15,0.442187890621917,0.130128579439718,0.632515617317936,0.556438213890041,0.191231778715398,0.707012734402114,0.0645558320554476,0.160045195400607,0.555042822027144,0.179964590173451,0.662524455629623,-0.122613369848892,NA,NA,NA,NA,NA
4,16,-0.28561212038948,-0.297277712630792,-0.150432663792506,0.0469452611482346,0.184462221654052,0.129892681484755,-0.125255195365715,-0.0986794512472555,-0.0740676535434956,0.162200068164017,0.064167885757332,-0.27161674616672,NA,NA,NA,NA,NA
4,17,0.476732473793465,-0.0919403157965042,0.214182804825462,0.0946532701033116,-0.298816234235027,0.102847760330542,0.0476535401846969,-0.0916286745265995,0.161410112945803,0.19067863162411,0.217879923754256,-0.180290914492901,NA,NA,NA,NA,NA
4,18,0.0221130506666234,0.148340299241015,0.125005814119256,-0.235671811368112,0.16613222982781,0.20832380584324,0.455763871419334,0.742897505464058,0.390328927941723,-0.240642409517784,-0.213761064203913,0.165426636265279,NA,NA,NA,NA,NA
4,19,0.0507151046509318,-0.204170865564615,0.102604255150054,-0.0911815020098405,1.07955071628077,0.465460698136323,0.816991960870801,0.326070978452963,1.08113442786206,-0.856130558107189,0.316308501626873,1.16783648025189,NA,NA,NA,NA,NA
4,20,-0.334994039322096,0.105881039329396,-0.021095619652101,-0.113645069926973,0.274606130515846,0.428728992094193,0.741678980634489,0.0962250524572381,0.0236593352238086,0.716980268616761,0.524172369810613,0.709248741130428,NA,NA,NA,NA,NA
4,21,-0.102718544978516,0.386771196896961,0.13397733919359,0.482831821406708,0.206358391336799,0.886337156844967,0.656389949496325,-0.730324010583093,-0.187036718430269,0.277333692144761,-0.432824778770819,0.318146844573725,NA,NA,NA,NA,NA
4,22,0.0681366233124014,-0.116157218304012,0.115142542044119,0.310190468933906,0.0406715789176733,0.0922282018363079,0.216644827908164,0.452189401168963,0.732916230559735,0.0895392049686894,0.018503865668104,0.4370782473137,NA,NA,NA,NA,NA
4,23,0.132737598744807,-0.0646408775601577,0.0205395873215344,0.0732225636540735,0.293656869880296,0.895135923470565,0.19095561297941,0.345339364829161,0.971112701236316,0.971430942518696,-0.338641923437729,-0.48815399870017,NA,NA,NA,NA,NA
4,24,0.478622404839815,0.806170444986641,0.389916092394804,-0.0842255576903028,0.227168792970871,1.26511966828502,0.484628116743233,-1.21532882291927,1.08784467579738,1.20762912688791,0.851242352107784,-1.20880219312148,NA,NA,NA,NA,NA
4,25,0.385547702459534,-0.077049061587356,0.0673258337438623,0.178121480937087,0.213380244181024,0.303430338564263,0.0773344848708064,0.170504827148495,0.236922039865979,-0.141414895136386,-0.318039364723274,-0.294719807739613,NA,NA,NA,NA,NA
5,1,-0.373720754213281,-0.483303524210104,0.0594571385277649,-0.55446847837344,-0.431861949913441,-0.208088848538206,0.0597040772962385,-0.181349751074944,-0.590000158299638,-0.556811288758658,-0.529798298529813,-0.089226493058163,-0.332942100537592,-0.882838012906218,0.0205988366560976,-0.187616212251941,NA
5,2,-0.293355988766563,-0.776715445788796,0.160227708559599,0.226594804613168,0.298319538373882,0.414593905761403,-0.363708816012947,0.0653645897339163,0.366314772555781,-0.39692013034307,0.175519519856988,0.226117397367258,0.905083535856539,-0.208102626994409,-0.935249303220746,-0.0693442587705184,NA
5,3,-0.409014566982937,-0.0651982948855083,0.0166324830561289,0.124931172319814,0.0597116497332804,-0.281329305928107,-0.468435974014519,-0.437864882018695,-0.408565392424561,0.373307696321943,0.345286613478072,-1.06223415451152,-0.830004393606745,0.0314414633067908,0.457057142590348,-0.798491216799899,NA
5,4,-0.316142257272842,-0.162256693522606,-0.402275436135916,-0.780220157820467,-0.259081737378951,-0.20122932958069,-0.358382113227188,-0.442138925993779,-0.181896087822659,-0.341050924298611,-0.315119043570316,-0.0820372522812127,-0.127915851571334,-0.436487772306011,-0.24080145387288,0.166062690944369,NA
5,5,0.0539725120318328,-0.307252550416547,-0.446983026155058,-0.217444549667007,0.151209421602806,-0.0224053778238376,-0.486185599979811,-0.453175661701816,-0.293928904363484,-0.57748453972592,-0.558131330128483,-0.0390026968491843,-0.105823978340054,0.0375156541604642,0.251465860774216,0.447222148179236,NA
5,6,-0.0973105845359488,0.0190251398433336,0.331990203994757,-0.177206379524496,-0.306688780851769,-0.0489805734753341,-0.151248779046191,-0.15717391908041,0.307498438769656,-0.332092370797706,-0.220517434610894,0.0368540630370686,0.351699308029051,0.00618940668808454,-0.603595409619032,-0.0787940129055198,NA
5,7,0.669695646329416,0.129598846871134,-0.640426723512276,0.722758885624536,0.47048784539637,-0.151858121065188,-0.211966282566661,0.902248154661483,-0.0591887371553783,-0.0760683645123885,-0.67355329730541,0.0197200210476005,0.0677739753394806,0.653068585782947,0.492320619337709,-0.966019956467548,NA
5,8,0.308954572154126,0.319252120092636,0.441673603502162,-0.381205512723714,-0.805024797907047,0.0842017849515329,0.694281676855621,-0.161475090534839,-0.761177754128769,-0.517757104610211,-0.752447277931536,-0.124712652782795,0.272605147908188,0.226390229330599,0.618324765819854,0.360715218267726,NA
5,9,-0.169459774974429,-1.00447239074676,0.273410528253921,-0.303164542420308,-0.328513356678015,-0.458077058137998,-0.629379050549227,-0.203811191711631,-0.374357199861584,-0.902683062540725,-0.233422741794707,-0.551222859940832,-0.262605684337924,-0.297156674058705,-0.26547052875187,-0.0507433479058166,NA
5,10,-0.190646596974591,-0.158070177865495,0.106063802320787,-0.158897429543947,-0.765043904272188,0.203326750417029,0.135486187522265,-1.19285821362855,-0.0612475889019328,0.25697402921167,-0.282803342981137,-0.0380166601396821,0.00789768853129225,-0.635640242226013,0.0590496226117792,0.437625480829908,NA
5,11,-0.39943723008874,-0.339101415572384,-0.125297803474994,0.0449924117729106,0.29236112837848,-0.0348949088229502,0.160787520902118,-0.269403350696419,0.0424239337287686,0.396689141902212,-0.122971369296992,-0.145426049656236,0.455124675664874,-0.616085991213229,-0.255730959692817,0.736084598953529,NA
5,12,-0.797523566526485,-0.270866971828023,-0.0323963609021625,-0.620436261419853,-0.163304734100115,-0.1533027718416,-0.178019113917724,-0.533938701498893,-0.0685095833753631,-0.349389206852022,-0.522313220874915,-0.33778462287483,0.0736484563746191,-0.328151762780731,-0.491092802326901,0.0666513092104082,NA
5,13,-0.517656457962437,-0.660097973610249,-0.644930130616153,-0.137339372131086,-0.3564294477957,-0.378824186354031,-0.608448711305904,-0.648434039313276,-0.269493526354396,-0.352111435417881,-0.809489409637725,-0.410291303042773,-0.499664067246567,-0.55947479558436,-0.299110018794285,-0.0815373208171351,NA
5,14,-0.226604490186695,-0.265568208390173,-0.0369754779191347,-0.642455654878776,-0.642428701973166,-0.0399767280737529,-0.279792589179376,-0.309915035707409,-0.24059897312706,-0.219113152763652,-0.329067933342442,-0.0361081205549529,-0.401138418717869,-0.369891833188083,-0.327912844514395,-0.592231417302332,NA
5,15,0.395052169818126,0.582669145444036,0.187561394569212,-0.803428034454414,0.170557458682558,0.187019600516722,-0.141063318670421,-0.992844716021917,-0.514754546249698,0.56762251744565,0.173804390160655,0.582212369736081,0.825478866800732,-0.165800817492463,0.563668353910337,-0.245520648424959,NA
5,16,-0.641167436667988,-0.401968641577635,-0.378329460766332,0.173188753945066,-0.297328196988664,-0.307219075253359,0.0481930048456618,-0.255602447898748,-0.378572145386089,-0.287641688863092,-0.388227436338894,-0.0685158500421474,-0.0932504636193363,0.101108202874675,0.114010289142865,-0.754145003029693,NA
5,17,-1.0612805741192,-0.286249097922662,-0.287487780606422,-0.162916392555252,-0.152347217369005,-0.31307912877382,-0.638576042387656,-0.396735346394953,-0.304280457834943,-0.682148961319214,-0.486314393650918,-0.319601792367548,-0.412372409157945,-0.413624931234607,-0.475859309277559,-0.17870679156222,NA
5,18,-0.644453527482049,-1.01683036800966,-0.419895706108698,-0.405167772541902,-0.418750751209814,-0.719473347743507,-0.538927990048,-0.471435314893225,-0.535677152345423,-0.604468288904731,-0.598618790311849,-0.386416867053999,-0.496478012458689,-0.586620964982045,-0.350339950296831,-0.260663364016767,NA
5,19,-1.04169750510658,-0.419381000626265,-0.323813025971396,-0.315880054894408,0.238462912705222,0.161052931215624,0.187284418558189,-0.361569724414718,-0.298705553559827,-0.344759839346404,-0.450287705041551,0.028275111678483,0.146481724322199,0.0625882826080215,0.351388429224943,0.389006628369897,NA
5,20,-0.214506004368637,-0.533213439901838,0.0481832123372148,0.208954983393129,1.08124685828573,1.1322778131667,0.949601154026256,1.29588509421917,-3.44356873251837,-369.490650875162,-1.61880445664163,-418.971816278706,-2.71860017554935,1.37645222202181,-0.126299673601825,1.30065995478812,NA
5,21,-0.0855514002755386,0.0193762728137776,-0.0328781403637899,-0.32301463684742,-0.194210394316096,0.496938445508975,0.0975380703918733,0.589310431988759,-1.07213048446689,-0.632910972028792,-0.335411456047916,-0.938003222221567,-0.408934596342634,0.520355532548296,0.368512342061171,-0.343166637240409,NA
5,22,-0.458355693631752,-0.522651409713769,-0.158606909201921,0.0383404904403597,-0.0613373090258276,-0.241768556085236,-0.330088352605137,-0.286277038467362,-0.239331506087911,-0.143697771301159,-0.552501241191059,-0.265685807157164,0.0583383300855791,0.107613138709209,0.112436837276424,-0.0288827134511014,NA
5,23,-0.603232342228815,-0.439700036821186,-0.195036642203816,-0.366019562892483,-0.480790658687577,-0.426508703870376,-0.479409821181111,-0.488251559125511,-0.396610404879357,-0.561097889635442,-0.471676116949514,-0.356827570545388,-0.196254861506019,-0.554710993079476,-0.398422149209271,-0.132221592308972,NA
5,24,-0.409633830719985,-0.336098726161315,0.0606231848637067,-0.2014589079705,-0.499258637213448,-0.0945280051952162,-0.19366143535761,-0.32806262102204,-0.310478799378643,-0.35022621151062,0.215611765122628,0.281259678475286,-0.919272170864495,-0.201682497574489,0.0453287199444716,0.107312137296737,NA
5,25,0.541239443263652,0.839927903444854,1.00025411175299,0.422948671266244,0.047467212737814,-0.384763642872955,-2.85538274407509,0.701320771274882,-0.376375778917334,-0.630947782354446,0.990539719410013,0.88652068666668,-0.972720673762127,-193.923399747169,-0.0722466630137411,-3.70943306846192,NA
6,1,-0.0394696844022777,-0.440102227814099,0.128762682212111,0.299111777038578,-0.0409725618466126,-0.13160089759835,0.103147335120552,0.483502499186675,0.490195928161959,-0.423785917490113,-0.939817288218542,0.516147079972864,0.095893011426478,-0.198744246710306,0.382808835064963,-0.0473229148678289,NA
6,2,0.402274950239348,0.278358123571121,0.122437519849071,-0.371963196458725,0.597617092472291,0.741670681523068,0.293211792809213,-0.00488767858565708,0.551117123774379,0.737112565691183,0.926814140582827,-0.368739032973664,-0.150344611260702,-0.650314765891457,0.0383618462828754,-0.942503194981306,NA
6,3,0.298719818029621,0.134906076925728,0.215941127019758,0.428802020241987,0.204374341578915,-0.126449977382466,0.227797260661734,0.172206031562852,0.091399063026955,0.417066768036316,0.362469141251376,-1.04324016221727,-0.120990277685482,0.407242511000161,0.612494670938789,0.242120723930122,NA
6,4,-0.0630801340535474,0.301136651751762,-0.162883642723753,-0.467601852833324,-0.246979875272853,-0.0956656512501788,-0.208094897496654,0.379817479949398,0.234021068028637,-0.160990578328699,-0.605758698572548,-0.0777331407048878,-0.204586944553428,0.214334850585698,-0.0450895689530308,0.316496264194239,NA
6,5,-0.243772542021281,0.387990089718891,0.221796357651267,0.0348871402080029,-0.211014325820981,0.0430409954155282,-0.462116701302717,0.220905244170685,0.827773685219064,0.10658169394077,-1.81516549711217,0.190192414948729,0.160955082793595,0.339913225909495,0.443787669784561,0.274645204808984,NA
6,6,-0.110628475753719,0.0695011753595964,0.109812289053899,-0.0691536105140578,-0.0429555810647564,0.0879503717082954,0.197260016128763,-0.38593236429588,-0.354088964808722,-0.0957385939000417,-0.269490492081716,0.0487249818093474,0.0584482075524457,0.163520450260207,-0.362319018167225,-0.025337995570365,NA
6,7,-1.1637122564441,-0.0545328303054231,0.274778483259834,-0.0930623574945015,0.542273183792608,0.0275629107816635,0.708820517474561,0.392305347911865,-0.0861682970650977,1.74246935829464,0.0880478195221635,-0.827780289640309,0.136555316381672,-1.17230483815744,1.67543300388954,1.68440518966301,NA
6,8,0.045478916322631,-0.318830538979154,-0.632287283144655,0.0818428083735512,0.231216343385895,0.0954427584376838,-0.0039956809852606,-0.0140334720651341,0.323987681308574,-0.0283041315139929,-0.502229418412671,-0.472825175559431,0.120243001074125,0.229777427790401,-0.375273310847731,-0.106369528184808,NA
6,9,0.226375433399697,-0.0684948968669221,-0.636670213153997,0.0461521312307949,-0.379208088106502,-0.889065719400592,-0.157130271351577,-0.276934714368215,-0.287650817624989,-0.170043677586203,-0.418999179540227,-0.0529529378241065,-0.224916639247557,-0.220041876091056,-0.599261327604278,-0.569652816174659,NA
6,10,0.190384644778041,0.387787175251313,-0.0909902423340394,0.295694092045605,-0.33493397906915,0.201492541437007,0.910444694369058,0.0430107351428761,-0.126772420799384,-1.13151757623391,-0.970922951528131,0.286468866900584,0.428868112303235,0.617847030963438,-0.51413292103952,-0.4363216046146,NA
6,11,-0.105336277562087,0.527762845863396,-0.49883056422157,-0.401479951699378,-0.370203313469771,-0.31289509937026,0.0788691141240903,-0.0162483800021684,-0.0643456639791142,-0.965696207659762,-0.181897013630316,-0.384918708644117,-0.649497803413421,0.00342238592786059,-0.0222029965079331,-0.0834598727045275,NA
6,12,-0.0180601879405964,0.146858452971145,-0.123504294975305,-0.146784628893892,-0.191559934824544,-0.121941079145013,0.118914592873298,-0.00324865728277035,-0.263532534397238,-0.380501154097552,0.0229246392592111,-0.359863449665199,0.273299479741975,0.400138240579213,0.0631327141408871,-0.510702946999427,NA
6,13,-0.329846304595594,-0.282012771840872,0.0741223627209833,-0.312258525606447,-0.23427558977947,-0.272521493939718,0.440242151865595,-0.00512594485100348,-0.206520319477732,-0.208670700515145,0.0795855836208141,0.0358163004292218,-0.0554293065580407,-0.154135651334845,-0.124769896990344,-0.383211610202554,NA
6,14,0.122408938588958,-0.19243694120201,-0.397048453756374,-0.523788795502502,-0.0321224802360296,0.0605516425306558,0.217548372971341,-0.0424533380264243,-0.389678705974414,-0.724425463918603,0.229343346810254,0.291773589950789,-0.259579544994509,-0.220166908390975,0.0354009154809789,0.337127431017763,NA
6,15,0.106910885309074,-0.373571673816117,-0.5747838330613,0.278962679668979,-0.384431873150185,-0.334376197472731,0.290662080736658,-0.0128503404198543,0.174460826533205,-0.00899594893974354,-0.02646767329746,-0.411492143200701,0.0641001118499376,0.436062375790825,-0.529712716044733,-0.778829095015367,NA
6,16,-0.258155599805871,-0.484696069164348,-0.509951352463383,0.292342831944158,-0.675085090744155,-0.500290749415724,-0.127673725842288,-0.437341554530365,0.73802175871017,0.338106184709925,-1.15392807810341,0.000362362129137095,0.247166365456708,0.396727401280552,-0.0108404670319833,-0.669675827197737,NA
6,17,-0.296081701965971,-0.14567457394634,0.00247603797655027,-0.261384234929268,0.344501390449937,-0.0598179926688618,-0.171074805102604,0.0908176734796424,-0.247742567800276,-0.582882861132006,0.56574106754152,0.473254772164091,0.322972755181305,0.436638595295138,0.363798601894961,-1.55865840949911,NA
6,18,-0.877247719159094,0.19759750617148,-0.286716938965737,-0.30534972876367,-0.279663420390641,-0.0704091306436199,0.589226705686243,0.564577038660033,-0.129137586355767,-0.207655679280596,0.263111822858675,0.644272619238986,0.468794601014247,-0.432038095000696,-0.792461580869813,0.552802173686135,NA
6,19,0.201801360284665,-0.319024640821438,0.0293234692938318,0.491911742371186,0.590572344091273,-0.062357835739105,-0.262796561035882,0.506427806195699,-0.162375849790007,0.756467585347562,-0.216369160440902,-0.429687990141155,-0.031676540695784,-0.543346140594957,1.10325229648878,1.8163996344651,NA
6,20,-0.328923312057523,-0.70136149877548,0.223029027077341,0.323061808133225,0.643395831460788,0.175952372827569,-0.187568407935937,-0.090135748132115,-0.0974794486500148,-0.497131258096607,-0.920494535955743,-0.315084545221523,0.351070011810929,0.806846217824541,-0.533994239182791,0.0516033039493355,NA
6,21,-0.551240571998578,-0.484256602883462,-0.109104870576285,-0.726747504638667,-0.0916108583792237,-0.403062768198488,-0.511240509762245,0.23068551747555,0.18659205500973,-0.318890213871627,-0.608879045148784,-0.283611853387074,0.508225344092384,0.346333956035498,0.378727224494463,0.184315402633106,NA
6,22,0.786189178337645,-0.00267977590387591,-0.143054572600947,0.671974736026235,0.100690505046642,-1.34982839911282,0.103425055266754,-0.852058585145785,0.819991999004153,0.100529603239735,-1.5498504740592,0.777294721355391,0.945140617001134,0.836964422953125,-0.925502731079362,-1.93348134873893,NA
6,23,-0.384868687342562,-0.584100610873874,-0.434541712003245,0.277854418995997,-0.163118250662053,-0.165651157790973,-0.383503530181025,0.344142162751969,0.473198022237462,0.965605647936393,0.756470754707596,-1.23435073535874,0.0578343748040147,1.29268062691358,-1.08012089632458,-1.72375327969757,NA
6,24,-0.358010706954694,0.281153530717447,0.00268624529196981,-0.301020698980735,0.0968136064208052,0.0449512987727392,0.540153931399344,-0.278551357322371,0.147762887882337,0.304227933577208,0.459987694628687,-0.620001586680589,-0.824453182106402,-0.223967053454486,0.685153197318967,0.2214852524208,NA
6,25,0.151656958290138,0.102848844260491,0.0561095728508656,-0.474875341091788,-0.0237699310097648,0.0764288439902949,-0.158329967166027,-0.391331028728805,-0.817902054607452,-0.19365198113804,-0.0536404548865472,-0.330520815033401,0.060934482493852,-0.0834803319686892,0.0944902165104016,-0.208008108870382,NA
7,1,0.0362064706658727,-0.020273143565029,-0.150600254152359,-0.0390168419693653,0.259142151292002,0.311463761855542,-0.171003929954962,0.0705179629162402,-0.0261720477281844,-0.480036998122526,0.0329252306195014,0.477892437530809,0.116421149990145,0.291188599764587,0.141486564443903,-0.399019609699953,-0.31226631414316
7,2,0.308301537270986,-0.343129027798171,-0.428263877537682,-0.0297171074050246,-0.263083437623731,0.210083963417309,-0.0922523482325959,-0.284578723141764,-0.600099393850341,0.0990527183260779,0.185405937710164,-0.691277759631579,-0.0342917348190468,-0.0985365469934711,-0.233062282587127,0.485603663587939,-0.390681371557475
7,3,-0.231828838065886,-0.270783265492608,-0.403389474310665,0.0844977242591094,-0.0055029824344508,-0.207834132523687,-0.159832141936442,-0.0717202088485178,-0.136668363125863,0.290391556818474,0.25167985915536,-0.221594201134332,0.00387915787135107,-0.172482766644941,-0.00134407838432615,-0.113933890775943,-0.202822689294078
7,4,0.100848190707723,-0.0110228525778067,0.371445093801689,0.0801480279610987,-0.189110423765877,-0.239240692291887,-0.146828620841325,0.517152775032282,-0.0753801496339734,0.232070999113834,0.0101812652742281,-0.207520928594117,-0.120165816144774,0.0522124996607292,0.308126580509354,0.159405724916286,0.173549404734175
7,5,-0.200505748727891,-0.0500142196660462,-0.722165595365238,-0.40440615193557,-0.201871521627659,-0.243744598029325,-0.130614166906196,-0.29988300247562,-0.614035770822082,-0.0987040214877095,0.0936119322619171,-0.428371017187882,-0.286470063794306,-0.538895877890336,-0.571415331963161,-0.485726956348068,-0.0208943296514204
7,6,0.136988840792736,-0.288233580637609,0.0460738781714991,0.440428432011537,0.537286426459309,-0.374482550381572,-0.604537575943595,0.384746324589585,0.384370988026426,-0.372464601912468,0.310707897450828,0.137704220049878,0.639499488581746,-0.257867695633372,-1.20561710704777,0.324739520281529,0.210179308203451
7,7,0.426944408565437,0.199599113966162,0.0596538893533325,0.382271376597019,0.364400086524714,-0.17332995103176,0.00795426015548673,0.87451568579084,-0.872586562849725,-0.59377019109182,-0.0690758768088615,-0.417113567339833,0.0686521147376524,-0.0602467520381638,-0.484525463861069,0.58062053015221,1.37129186143928
7,8,-0.043967714255102,0.523467712921088,0.606946923464543,0.350483232419987,0.00374604313700155,-0.534083591657662,0.514319660235635,0.954868130931856,0.923563594153707,0.645724768382323,0.484263567016422,0.262473728237033,-0.571793814883866,-0.280349714157056,-0.19294428401123,0.334123253497228,1.65793064964395
7,9,-0.601161407468458,0.446950370473189,-0.216252685121444,1.01245881839728,1.10271088452883,-0.520607690116817,0.431534617590155,1.02022089287092,0.426921358088093,-1.45966516809132,1.00839943513837,1.08510578695959,0.557277639001087,-1.47393451514055,-2.21241663606024,-1.87265426536752,0.722190443738532
7,10,0.127066854844277,-0.0597252582863201,-0.113341391541278,0.209708916921402,0.170516344378513,0.0423719274974688,-0.0445772109276685,0.131878108611406,0.256814784958336,0.134689280968494,0.198453589813586,0.494532524996566,0.567789783298218,0.16041099820915,-1.02760664910248,-0.34974611995853,0.433514548830044
7,11,-0.31730716582241,0.504538376173274,-0.328644231077984,0.0218544821278321,0.612607486838115,-0.0378449188468795,-0.0810902347634277,0.404600283735928,0.0432844052493491,1.14935542965609,0.625551830077918,-0.128992563758457,0.4045775796455,0.667472455768642,-0.401785375196182,0.0979332853949892,-0.991098438414001
7,12,0.356634268799909,-0.0485422705551697,-0.0768564305593067,0.30793447942171,0.00170817663872791,0.0197452461494669,0.309614546486748,0.46006918802651,0.660349731615962,0.857502221793982,-0.0604734145709684,-0.685641035131048,0.389040303742797,-0.592845061492522,-0.871606163154879,0.750106902943811,1.22162002055677
7,13,1.25628995655582,-0.596318943307148,-0.647637171228716,-0.20545197823319,0.367411347167715,1.21493039599188,1.62933959769018,0.545290232156012,-2.18301801692142,-1.42952630220735,-1.74978503501908,-5.61266278998625,0.984520636004585,-0.442610421841859,0.288340269702517,-162.953528461855,-415.290902012725
7,14,0.396177343723493,0.193248221877398,-0.176186962010837,0.283418336991617,0.315455978780962,0.644341403072387,0.109040064882657,0.290460202274883,1.32964348967055,0.593982122914751,-0.2962257487434,1.27772624282359,0.919053879361944,-2.45588099358025,1.47449839809654,1.51750368636629,-2.12907692868319
7,15,0.6410260593721,-0.149034234287468,0.260031761458783,-0.14578947991935,0.510566964532804,0.44292055730534,-0.394231235775051,1.00919825179112,0.344599592894821,-0.912657735168954,-0.196495054532592,0.367710878293881,0.494350528805261,0.0313065369811347,1.37578658443544,0.507571682220273,-0.572354979269569
7,16,0.519665573993673,0.407932612741669,1.00435619566707,0.180493546874279,0.40567345030303,1.24225389172157,0.353312251443989,-2.87375176529128,0.517928174770844,0.344672583138951,1.11294969954382,-0.0642720231513105,1.02136146862177,-1.66921517727456,-1.26852279301619,-0.422242176546072,0.78675406767437
7,17,-0.112639445457483,0.0745561018569623,-0.421514626223422,0.170229373198632,0.159458707295123,-0.428965854447933,0.256965067884924,0.525276862008287,1.60531537290722,1.6484022000515,1.47010582989012,-3.1747828022864,-6.12946254030631,1.30277298316264,1.60483995080225,1.39504923845568,-6.11247261636874
7,18,0.235758758043266,-0.199218559564424,0.285115522902282,0.246102992096135,0.211708723828057,-0.0945083629930847,0.329571054444594,0.234654556198777,0.283607945288402,0.424499083928918,0.144895299160952,-0.298217930484748,-0.38975750297097,0.130662164651269,0.939743654293026,0.348106414306417,0.395160763340416
7,19,-0.037511694745149,0.217413084296133,0.665212139165375,-0.052041388736485,-0.0350915999379926,0.255906231973772,0.151682549869754,0.501504570610678,0.562503961463184,0.168619164655326,0.302183529289587,-0.080482055875561,0.374941607113894,0.524318703574367,-0.0741223634356154,0.0716466183211468,0.433193211590096
7,20,-0.3011927596966,0.357469898240546,-0.347281558531028,0.569926945871493,0.444988302409543,-0.514564725762704,-0.269746102149563,0.255532526916069,0.167047389689858,0.602674905495549,0.537912942286525,-0.952763827200557,-0.156968044182404,-0.0593242830273724,0.733587906079725,-0.205075925571155,-0.403565157095052
7,21,-0.203084942477245,-0.580435160646297,0.359481381571669,-0.132158937408044,-0.787831364631504,-0.131593539966162,0.408579538794425,0.185054745806171,-0.389043041204335,0.251814169733393,0.195845671951294,-0.21090985652473,0.413164299792995,0.676342488494036,-0.571749036446724,-0.540075007750212,-0.321591667806536
7,22,-0.777307265405051,0.708805582105394,0.696074349637118,0.468574901329495,0.127854580485381,0.230750724127114,1.14774221742071,0.422210077866608,-2.80695548950403,1.24179792383067,0.413158214792124,-0.180646734846584,0.288605799236332,-0.468469373497026,1.70246568083095,1.35085658668284,-36.7126250092084
7,23,-0.211135949895888,0.441527689272618,0.48585163172591,0.184784337016649,0.429084209360616,0.301942392303094,0.20683137958207,0.4013237974008,0.685186762988974,1.13307420725287,0.275041990264286,0.144510701382761,0.362309105963277,0.582762889056026,-0.597290716988363,1.59711816395896,1.20666873466978
7,24,0.27135408304123,0.115709163810814,-0.146089698115181,0.0521092040595443,0.354060117391478,0.250377235419829,0.3191667509186,-0.0851522575461618,0.126737088642543,0.376085703896321,0.0368815998504655,0.143918317465005,0.607543278436405,0.411779973839603,0.254587185212559,0.038596770184693,0.236031377855927
7,25,0.138528374603561,0.488083885181754,-0.0910942794527285,-0.390892745434894,0.273935439707047,0.368304484640156,0.131072293736145,0.00505152463359604,0.253577152458066,0.25241776601461,0.0679021265140141,-0.361806711669513,-0.139573355793527,0.518012734126079,0.194738239961085,0.379911154447893,-0.0331715868716747
8,1,0.343481989249606,0.170578137306709,0.215257334425556,0.389627229958804,0.609010529569159,0.644693827202981,0.512449381475633,0.903987299781977,0.273340936105915,0.883797711782096,0.674554090591716,0.378071177533741,-0.572133275408894,1.14714746583098,1.08653116132893,0.998728875965445,NA
8,2,-0.257682601534847,-0.138948509227334,0.112370683056498,0.500805569558399,0.594412127427157,-0.36925148318293,0.0531305810720193,0.582808553833662,0.178280525524457,-0.225450258122029,0.549360313152164,0.97428124347552,0.0579939695966472,-0.5155720000422,-0.623735812338862,-0.0662482044335695,NA
8,3,0.266976690550692,0.112328925967057,-0.213228598862789,0.230575992401476,0.284041408766198,0.00158963575029603,0.258824426139779,0.143798486436482,0.0695779046907439,-0.0866649777042776,-0.00481285890052563,-0.00975765306694099,0.396115874566272,0.313083778536724,0.0403536326787841,-0.136028558094177,NA
8,4,0.263390117853672,0.375462214916899,-0.0507565264058514,-0.0956436661562985,0.0927739912830683,-0.102013821772175,0.0421522812385007,-0.0806450692856155,0.288473918886726,0.145908742984561,0.0633774055769236,0.128260878911895,0.217065468106622,-0.107846554789391,0.130402175823503,0.0280754105926098,NA
8,5,0.267984570591573,0.250619383691752,0.112653625105987,0.418678341594659,0.272586959431992,0.283377774709763,0.0357206045823342,0.209962221305279,0.364413900559951,0.300469121884271,0.367667758364585,-0.0252432670971843,0.712958078346361,0.555555986752807,0.122253513524615,-0.27422337739149,NA
8,6,0.332654042489815,0.182355977749119,0.291466930593642,0.378394255312186,0.141002694912416,0.318489464498949,0.405446051157013,0.369394338860169,-0.0929253095833402,0.00641434198318946,0.198844044970668,0.566012914195093,0.0796717664443165,0.146506892639409,0.799069829798206,-0.0797244962704649,NA
8,7,0.3952316936246,0.176218596493457,0.189831941167278,0.00277659727989898,-0.270430402590564,1.47927917625776,0.705796802214852,-2.13922910434241,-0.0398556290128882,1.15713979740807,1.47072534281538,1.00041971413617,-1.16696890894122,-2.57858688963326,-0.4113536443729,-2.60688650277835,NA
8,8,0.151061316707248,0.176599018653007,0.41119370591043,0.0443989367571045,-0.152146382230508,0.131550679272828,0.113202835553538,0.260649979412892,0.441816460211439,0.276497964334414,0.129390697641478,-0.12730254079877,0.148226758504272,0.00728222055035754,0.160015098372278,0.445092778603832,NA
8,9,0.5953288483691,0.794009678075279,0.166440372549697,-0.0769901353659432,0.164463646156341,-0.299545137692307,0.416111760761477,1.28939510667738,1.125495542058,-0.0890298642373117,-1.02416403383969,0.227734929267352,1.43454896093397,0.772130979201133,-1.55250673087854,-0.537236963880638,NA
8,10,0.367918611285938,1.22863000327257,1.25103601376416,-0.551045849680341,-0.346197257762176,0.539642669806888,0.333189695634075,1.82871457572902,0.417621096632604,-1.91646736698454,-3.27356967057882,-1.24223365012461,1.67893468083171,0.840462404878304,1.28187410416925,1.21290924000524,NA
8,11,0.135529412662401,0.00183371853290804,-0.170749861905077,0.361086005248076,0.158847395559022,0.410623434719585,0.202847710870334,0.309332187963536,0.170206907889664,0.247364921344942,0.660889836224785,-0.547140613476559,0.0218656178525527,0.404709591381375,0.978568804391989,0.541199568261957,NA
8,12,0.247730463645227,0.418545018494928,0.54488547635383,0.209179365777325,0.280233709599365,0.291015748343672,0.372622618992294,0.471091667947355,0.196653425644372,0.00984693820847049,0.160283361680867,0.00883656094378193,0.0366506740509775,-0.0783329255802492,0.187368501791993,0.476433676685289,NA
8,13,-0.277825020976419,0.166083557055695,0.0679245676712976,0.0688636165158951,0.146391643498413,0.184404153226385,0.0262323896096446,0.162956064503867,0.18772166878956,-0.520847806603235,-0.102984486764112,0.301471174503614,0.169318418595876,0.0872978455546365,0.274437320278791,0.0745860988383671,NA
8,14,0.0718866422481603,0.182880959834633,-0.203139284378426,0.166590033188123,0.180456840604671,0.192319285075965,0.0303991975734188,0.127799882277532,0.282226962032252,0.262952375105727,0.652670603844461,0.611206376363278,-0.078639295905266,-0.222172361625682,0.122717877997839,0.909164411269689,NA
8,15,-0.21743969085005,0.0435369717056133,0.371553690735462,0.557123566665954,0.0901384651639712,0.288226111922114,0.135838311683574,-0.649202056061529,0.452746777265262,0.407335633754237,-0.368990587983529,-0.376890707203535,0.501623653486671,0.713196860159944,0.633431171371113,0.898508523782478,NA
8,16,-0.0589606144884778,0.620363277040447,0.0344846203083045,-0.155670614233624,0.239347085790621,0.295720061627245,0.377957045289892,0.491667109171132,0.473265745244884,0.134211028438475,-0.216620909153058,0.293325105559779,0.475335590589985,-0.0837348872014927,-0.278798373696484,0.59058150414154,NA
8,17,0.259689108780013,0.183770658572104,0.331987528741734,0.207447141754718,0.181526648218165,-0.077108452320259,0.0961912261244464,0.052731997104611,0.457410618891003,0.240347083804359,0.581783246160253,0.361259100329216,0.295220374715803,0.548030373476414,0.0562595723843635,0.0978555943294221,NA
8,18,0.320851326318407,0.0803303780931122,-0.28361605402001,-0.205399640202005,0.0575376733036894,0.221132653100601,0.180930658743935,0.240872327537168,0.0118026943744889,0.0479816287087593,0.182770010647761,0.20259048144715,0.204617872544333,0.172188561348861,0.0449016113419887,0.253172417955577,NA
8,19,0.368839308231209,0.326191920498591,0.398991818293595,0.390974435339092,-0.118912514220483,0.515207273569309,0.610555991082726,-0.335655447765733,0.347179553413991,0.504343381366204,0.448068022110209,-0.25352336427492,-0.415422285860983,-0.615069862383672,1.00629321041632,1.00411606945801,NA
8,20,0.487149967689668,0.490471742651535,0.254601947450442,-0.138717967935841,0.411261247646617,0.408946751890588,-0.251830151764955,0.471876092757809,0.427221757492462,0.574390570742042,0.407310001962472,-0.118143125195119,0.211745448502887,0.0590620202229699,-0.790225856158616,-0.544187430204928,NA
8,21,-0.125925729368065,0.398056073865509,0.572594384368182,1.0531672324303,0.173893103683618,-0.511275842148497,0.629221441335915,1.18745875508511,0.658913340792124,0.300779879139491,-0.307006664119651,-0.151295256829236,1.32822491650042,0.362887680484861,0.840228881622995,-38.6253747530631,NA
8,22,0.0139321751656021,0.146935581184366,0.302772892392092,0.65034224047761,0.423401121582743,0.193273553930623,0.14117355460776,0.374160200305929,0.349057022131024,1.10240547976213,1.19118386946327,-0.460736013479921,-0.960544106067536,0.0780736163145934,0.0660836939798992,0.960908857440356,NA
8,23,0.112928147165165,0.478613550070626,0.418851446476333,0.295895157605347,0.317452441345898,-0.0691593744301418,0.19484405709488,0.44990503848047,0.0814669957640828,-0.0251799151197178,0.0153848564065182,-0.0357867787624524,-0.180292615886031,-0.0508283700098946,0.543455230855021,0.432782025829785,NA
8,24,0.377779314724279,0.492479181414178,-0.220441897427138,0.418193097854926,0.140466943492491,-0.37574702179355,-0.24351386455636,0.445701456801247,0.348800262589246,0.3719547262112,0.427359502731283,-0.151100169227099,-0.284760629889015,-0.365653109028567,0.400163622579612,0.40764402429436,NA
8,25,0.178899327516586,0.1344271869485,0.238756789142904,-0.108483112845132,-0.159161363889176,-0.256397668480677,0.00238834981422764,0.0954670352639291,0.0367830193015712,0.122128680304211,0.141759620997831,-0.499466039842903,0.324758147251279,0.118431479997227,-0.590723523509661,0.164576902840359,NA
