"","Trial","WMD","Age","1","2","3","4","5","6","7","8","9","10","11","12","13","14","15","16","17","18"
"1",1,1,"A",-4.645,-1.5396,1.822,10.0098,3.1414,0.707999999999998,-1.5874,-0.108599999999999,-0.9754,3.6446,4.9742,5.5988,-2.452,2.316,1.1242,NA,NA,NA
"2",1,2,"A",95.4584,106.1458,89.9594,91.61,65.1418,54.7352,72.8552,71.6478,47.8088,44.4662,31.978,39.3304,44.7102,30.3258,26.9978,NA,NA,NA
"3",1,3,"A",111.4318,72.7544,80.2156,41.393,34.261,46.2014,66.292,40.435,50.3556,30.9194,35.7494,20.8662,29.4682,10.4468,17.4808,NA,NA,NA
"4",1,4,"A",110.4078,58.669,61.9076,103.2078,45.7944,65.3556,64.4234,122.8656,90.863,92.7144,120.9482,64.793,93.1294,66.9362,62.2694,NA,NA,NA
"5",1,5,"A",-4.11579999999998,6.26139999999998,1.00580000000002,35.4616,-11.3178,-29.4072,54.1494,62.6862,42.2902,12.739,51.1494,17.9016,-0.38900000000001,16.9888,56.1062,NA,NA,NA
"6",1,6,"A",-16.9814,-11.2218,28.8876,52.637,21.8508,49.0258,22.4776,32.5644,60.3288,25.5652,40.9672,14.3194,20.8154,25.7138,10.0762,NA,NA,NA
"7",1,7,"A",81.6224,48.9938,46.8902,88.6184,66.9118,66.5474,51.851,57.446,37.7882,35.6382,29.7766,39.0568,26.8514,27.2716,24.9332,NA,NA,NA
"8",1,8,"A",4.18040000000002,4.61359999999999,24.6926,9.26240000000001,4.649,9.16399999999999,53.7528,39.3778,27.4306,51.8216,43.955,28.2236,11.43,12.7546,35.3312,NA,NA,NA
"9",1,9,"A",-184.4476,-188.0764,-146.5628,-158.721,-173.534,-296.5024,-245.8464,-213.751,-203.2912,-187.7326,-278.4696,-272.821,-394.0172,-543.4706,-451.6926,NA,NA,NA
"10",1,10,"A",-99.9426,-111.8952,-74.4688,-88.7166,-106.2084,-30.5212,-46.306,-85.9318000000001,5.34760000000006,8.29639999999995,-13.0236,-13.2646,-83.9975999999999,-132.5102,-20.3358000000001,NA,NA,NA
"11",1,11,"A",-89.3082000000001,-123.7474,-80.2418,-47.7464,-58.0154,-58.7238,-33.7926,-26.191,17.4166,-87.9915999999999,-50.6188,-21.9108,-42.7031999999999,-93.8173999999999,-137.4936,NA,NA,NA
"12",1,12,"A",9.6056,-14.1788,9.9252,36.3402,19.2442,1.9988,4.2698,1.61,7.98860000000001,10.077,6.38500000000001,6.4604,4.9942,1.2154,-6.6408,NA,NA,NA
"13",1,13,"A",-99.3598,-82.0902,-63.173,15.3013999999999,46.8402,36.6781999999999,34.249,25.535,18.307,19.5684,30.6344,16.222,4.72059999999999,24.8099999999999,44.9602,NA,NA,NA
"14",1,14,"A",-173.6114,-87.4312,-134.4592,-46.1618,-52.1566,-49.5934,-73.7112,-72.7242,-71.5384,-68.1972,-153.1206,-43.1864,-176.33,-104.3808,-178.9628,NA,NA,NA
"15",1,15,"A",-59.348,-108.4328,-25.4502,32.7784,-25.5802,-20.9484,7.61599999999999,3.70640000000003,105.6698,65.776,54.8176,20.3104,-13.4263999999999,83.9156,24.8862,NA,NA,NA
"16",1,16,"A",8.95939999999996,29.204,42.9152,34.596,58.8126,88.989,34.8542,49.5936,72.3920000000001,23.669,42.9908,34.8924,63.0442,52.1874,57.4814,NA,NA,NA
"17",1,17,"A",60.2028,52.855,85.549,66.461,61.1222,88.4518,47.676,52.6774,33.0818,49.4174,47.7124,47.7942,32.569,35.5254,28.2358,NA,NA,NA
"18",1,18,"A",89.4422,54.824,26.4826,33.1634,16.4408,-4.49979999999999,20.8622,14.1074,23.2724,25.3084,20.0864,20.7014,7.9136,7.9736,-2.289,NA,NA,NA
"19",1,19,"A",94.544,71.1968000000001,68.023,81.9784,19.71,78.3212,80.8476000000001,87.3362,79.4046,102.0288,78.4444,75.5758,71.3778,111.4958,88.8682,NA,NA,NA
"20",1,20,"A",24.1832,2.99180000000001,18.9802,13.5924,29.2806,15.8692,10.6988,19.1602,24.8202,22.262,14.3662,17.128,5.9804,13.1228,11.187,NA,NA,NA
"21",1,21,"A",10.4636,53.4222,38.9354,36.1324,15.575,30.3022,24.6706,22.8102,23.2374,5.75819999999999,3.53720000000001,7.3026,5.99180000000001,12.8478,10.357,NA,NA,NA
"22",1,22,"A",143.0914,128.267,125.9868,110.4742,104.95,89.7844,60.5274,62.6942,58.4464,39.5916,45.1558,50.1722,36.9708,27.177,31.95,NA,NA,NA
"23",1,23,"A",99.042,88.2882,95.9538,109.555,109.1078,83.2518,41.3636,114.3818,106.046,75.2892,107.2472,96.8062,75.4556,53.5506,67.0302,NA,NA,NA
"24",1,24,"A",101.648,66.2326,76.3512,105.8918,108.7902,76.9056,103.3348,104.2352,49.4764,60.1264,60.29,57.0876,68.2576,43.7228,29.3072,NA,NA,NA
"25",1,25,"A",61.114,23.6802,16.7602,33.2274,12.019,24.3834,13.5162,-2.1518,8.1198,3.0104,1.7594,3.097,1.8594,-2.895,-0.4288,NA,NA,NA
"26",1,1,"J",39.3416,34.2262,49.691,37.729,4.8616,-0.499600000000001,4.103,11.2422,12.5022,9.4556,16.0316,1.129,17.1344,6.5964,2.7846,NA,NA,NA
"27",1,2,"J",354.479,231.2842,214.8796,131.2792,88.6954,168.7846,145.2298,110.6448,86.977,92.3866,69.627,74.6768,100.5484,65.5032,49.5474,NA,NA,NA
"28",1,3,"J",134.7842,108.0802,68.7876,54.3598,124.7142,119.8196,62.398,100.1846,9.20240000000001,128.6998,52.384,71.9524,3.34960000000001,58.5608,44.579,NA,NA,NA
"29",1,4,"J",-133.3002,119.549,66.6904,-100.0692,-13.0183999999999,103.9188,168.6062,41.1042,18.6018,114.441,-31.524,55.8858,11.0890000000001,-52.1566,68.5839999999999,NA,NA,NA
"30",1,5,"J",-61.5398,-43.9774,41.4746,-131.9134,-138.0136,3.02840000000003,-47.4694,-67.2798,-95.7296,-31.4312,-78.2486,-99.8148,12.735,-103.5584,-126.9784,NA,NA,NA
"31",1,6,"J",-14.7818,70.8384,35.4412,-24.8288,80.364,-61.6238,88.6076,71.3896,-30.585,105.54,-3.721,91.225,31.9484,7.80059999999997,60.8156,NA,NA,NA
"32",1,7,"J",58.3156,107.9238,171.036,154.3836,108.2814,96.6254,129.7634,72.764,74.3896,73.0622,70.2472,62.9468,42.292,21.5278,8.6328,NA,NA,NA
"33",1,8,"J",-57.9566,-3.04520000000002,-99.9888,-23.8778,7.53719999999998,125.6464,13.609,-25.7582,46.788,0.343399999999974,7.81599999999997,-3.279,24.912,33.1314,55.7098,NA,NA,NA
"34",1,9,"J",-556.849,-357.0342,-537.4868,-637.372,-914.5458,-599.9966,-679.0268,-675.425,-734.7926,-1008.353,-815.3648,-1419.6566,-1619.3116,-1301.173,-1503.7152,NA,NA,NA
"35",1,10,"J",-564.6644,-436.8816,-491.4974,-517.8636,-352.6144,-537.703,-568.452,-230.2008,-378.5898,-500.4562,-485.0466,-733.0584,-882.9626,-422.8166,-619.257,NA,NA,NA
"36",1,11,"J",-452.9162,-297.595,-201.9186,-391.2302,-272.3082,-360.6912,-240.6486,-171.241,-509.2026,-443.8224,-257.9676,-578.538,-495.492,-584.4084,-503.7678,NA,NA,NA
"37",1,12,"J",-32.7226,37.9054,65.3882,-33.2002,0.195600000000013,19.7278,-20.754,18.6354,25.5956,-5.25620000000001,31.4694,6.79400000000001,17.2214,12.1796,13.3662,NA,NA,NA
"38",1,13,"J",-148.3424,-218.6816,-10.7452000000001,-33.451,-98.6374000000001,-78.8209999999999,-187.6304,-102.0868,-92.1112000000001,-44.0788,-17.3068000000001,-287.7448,-11.7560000000001,-114.715,-113.9356,NA,NA,NA
"39",1,14,"J",-189.723,-397.2966,-153.7136,-278.8948,-329.2574,-389.7144,-383.0654,-395.3532,-383.0512,-632.2304,-245.329,-815.0854,-405.778,-742.7164,-629.7278,NA,NA,NA
"40",1,15,"J",-294.0212,-121.6182,44.8822,-231.3746,-177.0968,-37.521,-143.2608,67.6614,-82.825,-95.4244000000001,-176.301,-185.1746,37.4462000000001,-221.055,-291.1262,NA,NA,NA
"41",1,16,"J",-126.1078,-100.165,-38.7284,-24.5085999999999,16.9156,-203.5734,-52.5636,-16.1124,-156.7312,-107.5918,-95.9570000000001,46.2195999999999,-107.2422,-101.4624,-64.0057999999999,NA,NA,NA
"42",1,17,"J",74.4426,226.615,67.4054,87.1708,147.5894,50.9972,91.3778,47.213,136.185,131.3726,78.779,32.5408,54.038,52.9228,58.1872,NA,NA,NA
"43",1,18,"J",63.369,42.2838,71.0588,0.767800000000022,-14.5812,62.6294,31.9316,42.3256,67.1222,58.144,54.5602,-1.25559999999999,34.251,-40.029,9.90600000000001,NA,NA,NA
"44",1,19,"J",-102.2548,-6.81420000000003,-132.0794,-223.9044,-18.8987999999999,-54.9295999999999,95.1128000000001,-90.6012000000001,27.0078000000001,-57.4482,-73.1302000000001,-129.1798,104.8756,-17.5286000000001,1.01420000000007,NA,NA,NA
"45",1,20,"J",-5.47399999999999,78.1376,30.5894,80.753,21.945,35.2458,75.2668,49.1604,36.4934,35.8452,-1.747,18.2322,34.3438,15.459,-14.376,NA,NA,NA
"46",1,21,"J",62.9684,26.9166,45.7694,26.0932,56.6724,-34.2606,38.5904,34.2646,48.798,22.8786,20.6256,-10.1136,44.7,15.9654,-24.8474,NA,NA,NA
"47",1,22,"J",305.1576,141.3028,176.1124,185.1712,162.2874,145.8342,136.0012,112.2044,72.3272,125.2554,104.5014,89.8634,20.3274,56.1752,53.563,NA,NA,NA
"48",1,23,"J",34.6798,143.6566,147.1064,74.4424,114.7588,32.1888,170.6558,160.8894,47.328,181.7942,97.2222,69.5296,88.096,90.8554,96.0862,NA,NA,NA
"49",1,24,"J",44.0466,64.6742,126.0278,122.4444,97.195,140.838,138.0278,87.997,108.8088,59.32,45.8396,125.8732,44.8912,-7.15640000000002,91.6922,NA,NA,NA
"50",1,25,"J",70.1742,76.0394,91.4306,62.8702,79.6612,33.2018,16.8194,46.9516,25.1304,30.343,13.993,13.799,-1.122,9.5424,5.4308,NA,NA,NA
"51",2,1,"A",101.8458,62.3922,53.6864,1.11739999999998,10.3834,30.142,6.29000000000002,2.00559999999999,-13.8288,18.828,30.8702,39.4796,1.49000000000001,31.4154,19.9108,44.3444,31.9486,NA
"52",2,2,"A",-5.12980000000005,-55.3973999999999,-38.7604,-96.187,-101.2378,-138.2916,-151.235,-86.4059999999999,-59.7942,-78.1908,-158.7464,-50.3422,-121.4758,-112.6448,-50.2945999999999,-58.2444,-1.28359999999998,NA
"53",2,3,"A",-5.3462,-1.1078,-2.6292,9.5626,-4.8904,-16.678,-1.678,5.412,9.7072,3.8154,10.7002,-1.4584,-7.182,5.2056,-2.8324,1.738,3.0204,NA
"54",2,4,"A",41.9454,14.0718,35.9768,31.983,20.709,3.7692,1.36539999999999,9.0378,1.0964,-5.003,2.696,4.5356,1.7404,0.7178,5.527,-1.6668,-3.0904,NA
"55",2,5,"A",64.8782,78.8274,92.0188,96.8352,78.1106,78.5766,58.3108,54.5664,75.7588,75.449,81.0462,54.2452,65.7412,79.4412,75.2372,52.3326,54.187,NA
"56",2,6,"A",-34.0646,-28.6156,-4.23060000000001,-13.4874,-12.872,-29.1074,-32.9024,-28.3802,2.2664,-3.89019999999999,46.2148,-14.0774,-33.6824,-25.889,-28.9564,-4.84479999999999,-13.046,NA
"57",2,7,"A",-29.2696,-6.8704,-3.729,9.1056,24.7538,13.153,3.19540000000001,0.769599999999997,-4.80800000000001,-13.9098,-7.4224,-18.2554,2.4194,8.52379999999999,9.4374,-10.8766,-1.8322,NA
"58",2,8,"A",-17.8864,11.4152,16.9432,51.2922,41.7746,68.1232,47.7808,-17.6394,-14.037,15.5184,54.0472,76.3106,75.1484,42.4422,15.8994,46.2044,69.2612,NA
"59",2,9,"A",81.5836,101.37,86.8962,67.6446,58.5682,50.889,38.9546,30.651,50.5112,43.5732,51.5314,37.2856,29.2058,17.1088,20.214,31.0418,25.1694,NA
"60",2,10,"A",158.2972,121.572,80.383,96.3928,96.1646,57.464,81.334,43.0218,47.62,43.2674,19.6962,33.7464,15.5136,14.4134,22.235,11.875,13.573,NA
"61",2,11,"A",-254.0804,-267.0008,-280.978,-348.9894,-413.1626,-451.8108,-458.8588,-541.9468,-561.06,-480.0134,-635.6208,-634.8202,-663.4104,-657.888,-668.6462,-796.5032,-756.3412,NA
"62",2,12,"A",-134.1358,-59.14,-64.8428,-98.3998,-143.8484,-199.0746,-187.1608,-171.3802,-160.8942,-209.383,-256.2592,-203.4776,-234.7436,-213.2802,-228.7734,-258.6756,-207.3696,NA
"63",2,13,"A",-193.0252,-158.3892,-161.813,-192.0306,-213.7918,-262.7676,-208.5726,-230.243,-166.896,-150.2382,-169.3896,-187.9316,-198.5996,-223.9806,-263.877,-235.5832,-202.3548,NA
"64",2,14,"A",-36.7876,41.6992,29.8088,28.8752,41.8812,-6.41860000000003,-4.32080000000002,-35.8302,-20.9866,23.4542,38.9436,7.72039999999998,-1.31380000000001,2.50299999999999,25.7634,23.6414,2.04660000000001,NA
"65",2,15,"A",44.757,63.7742,69.0892,57.3578,36.871,63.8938,36.8344,19.0114,28.5702,31.498,54.8496,43.1098,47.0896,13.57,6.5772,17.8052,16.5904,NA
"66",2,16,"A",-105.2808,-71.0238000000001,-94.7852,-124.483,-155.4652,-172.4524,-98.4026,-92.0700000000001,-135.8382,-115.6578,-55.1061999999999,-115.8122,-106.3288,-107.8042,-137.617,-117.9906,-57.0188000000001,NA
"67",2,17,"A",-10.9434,-8.1728,0.088000000000001,9.1306,2.7342,12.639,10.698,-3.1184,11.898,-4.126,-4.125,-2.0532,3.6162,9.8696,-2.7428,4.7422,0.545000000000002,NA
"68",2,18,"A",19.82,38.9892,43.6716,3.51100000000002,48.3406,9.98759999999999,-15.5546,5.54599999999999,13.6962,24.1244,22.5074,24.056,17.5934,21.7864,38.0576,-13.7514,7.3794,NA
"69",2,19,"A",44.5748,16.0482,21.925,19.4196,26.6842,1.49460000000001,16.7476,12.8898,30.562,18.7968,16.3336,13.8172,6.398,2.9476,-3.72,8.3894,0.578399999999998,NA
"70",2,20,"A",38.3424,20.1398,32.8068,23.7234,14.509,1.3572,5.9888,23.8508,7.0808,15.0548,23.613,10.1152,10.0214,4.737,3.4202,6.739,4.51,NA
"71",2,21,"A",97.8586,84.0374,45.8424,39.3332,43.627,28.0138,45.0388,34.8272,28.6776,34.5828,29.9804,8.0746,18.2162,12.3232,8.4844,7.7628,12.677,NA
"72",2,22,"A",38.619,49.2056,29.4236,23.8562,42.7656,25.0048,30.482,45.5074,29.2604,39.7058,23.69,27.6534,23.6314,23.7952,20.0838,21.987,14.7244,NA
"73",2,23,"A",42.0582,56.02,45.1928,14.5228,2.7672,13.2712,2.3128,-2.6272,1.8426,4.7962,20.877,7.1044,12.6492,0.943999999999999,5.2012,7.6956,5.99,NA
"74",2,24,"A",72.8818,15.6894,23.3582,26.1176,30.138,21.4282,3.9974,9.51739999999999,9.5528,7.5936,9.907,4.018,15.1646,4.2488,7.9616,10.1722,6.6748,NA
"75",2,25,"A",0.786199999999994,14.7616,28.6516,0.0923999999999978,6.6162,14.5234,11.131,3.8982,19.6664,2.9312,10.3372,3.1718,-1.9406,-0.369199999999999,4.6966,0.8884,0.0139999999999993,NA
"76",2,1,"J",149.8098,203.7906,12.5359999999999,94.9698,102.6574,24.2312,127.1248,12.281,105.4642,130.5666,131.1722,33.106,93.054,48.466,116.055,54.4066,19.3106,NA
"77",2,2,"J",-82.643,-66.4028000000001,-258.8362,-185.2876,-369.9154,-305.1946,-154.4726,-152.1108,-177.7818,-378.4128,-17.8117999999999,-368.9074,-222.1216,-223.3138,-164.9198,53.9626000000001,-372.0026,NA
"78",2,3,"J",42.6666,25.2548,51.0092,-29.974,-25.53,27.512,17.2934,28.16,7.66800000000001,29.7888,-15.3214,1.2458,29.602,18.8422,32.5772,10.5454,-34.0656,NA
"79",2,4,"J",69.671,121.3314,88.9614,74.0788,45.0952,49.6678,44.1386,31.9592,14.102,31.7674,25.9736,-0.636799999999994,18.6918,20.7236,3.8812,10.9668,9.0014,NA
"80",2,5,"J",188.3344,122.3748,109.0752,182.6938,121.4308,94.8276,31.8887999999999,164.8834,112.5916,180.7096,91.3088,130.1952,157.1916,129.9464,58.497,84.651,76.2632,NA
"81",2,6,"J",3.14819999999997,10.7636,-23.2508,31.4188,-95.743,-21.32,-44.6156,-10.9116,-19.3696,129.1062,-100.0098,-15.8972,4.4744,-21.7126,59.5828,-45.4978,-24.008,NA
"82",2,7,"J",8.4148,-9.13639999999999,12.9242,46.0344,-7.011,-7.0624,-14.9844,-26.2664,-45.3554,-12.4086,-72.075,19.2792,6.673,7.0616,-64.1872,15.2864,-56.7832,NA
"83",2,8,"J",100.636,89.0328,127.8342,80.7336,144.6508,76.5586,-81.6082,-42.4298,70.1294,167.5006,140.7216,206.3956,56.4548,41.5604,138.7206,197.2608,144.7042,NA
"84",2,9,"J",319.6986,216.1192,166.0218,189.478,145.1626,161.7768,81.0996,136.0678,95.9894,143.8436,108.7338,105.7662,78.3382,78.2894,78.5032,44.4964,49.5982,NA
"85",2,10,"J",306.0236,268.2964,241.6008,202.9786,149.6762,200.1238,98.5844,160.5196,84.8068,97.7884,111.214,37.0264,65.9074,64.4094,41.9242,42.6404,45.9908,NA
"86",2,11,"J",-486.6548,-544.5026,-703.6982,-798.7884,-808.4562,-770.6238,-921.8162,-1018.4676,-669.7704,-1229.8502,-1046.1528,-1180.6816,-1140.1532,-1231.4106,-1500.6176,-1318.199,-1345.937,NA
"87",2,12,"J",-53.448,-167.8598,-242.1478,-384.6816,-387.4436,-326.0256,-404.7042,-432.1712,-432.8832,-563.3342,-351.0594,-490.0454,-349.8144,-531.2422,-622.7822,-340.2022,-393.8022,NA
"88",2,13,"J",-184.037,-239.8836,-352.023,-413.9058,-385.084,-360.6582,-418.1696,-275.2796,-122.1252,-360.3846,-389.5562,-278.1326,-379.9508,-412.804,-431.472,-400.867,-143.2586,NA
"89",2,14,"J",157.0874,62.9118,84.5322,82.6706,25.9915999999999,60.0322,-2.83240000000001,36.9026,92.7276,91.8624,60.074,59.066,22.7284,87.0622,19.8614,37.233,-26.8296,NA
"90",2,15,"J",202.4018,155.0014,146.4724,102.0148,153.5752,29.4124,75.45,72.2072,81.3868,121.7724,79.0556,137.0456,35.5712,34.2342,88.973,83.3028,63.126,NA
"91",2,16,"J",-121.73,-172.5124,-233.2022,-334.1186,-223.9242,-51.206,-153.498,-294.7844,-141.6406,-81.8904,-224.5952,-90.2552000000001,-247.4196,-243.9102,-251.4996,-114.6358,-381.4928,NA
"92",2,17,"J",-11.9268,26.3936,21.1112,-8.9906,8.5458,10.1578,-22.3516,19.8342,-19.281,-1.961,-13.4392,7.6078,23.2196,-29.5836,21.7234,-9.90900000000001,36.2804,NA
"93",2,18,"J",70.5668,119.3548,2.00519999999995,165.14,-12.5304,80.9938,94.8366,29.0202,107.4828,64.0894,58.2114,36.1838,68.0414,89.2422,-33.289,102.6722,88.7962,NA
"94",2,19,"J",28.2334,87.9014,68.0018,79.7092,63.7822,61.4696,35.3064,77.8542,20.6644,30.3384,54.8974,42.9944,5.8064,5.15600000000001,46.3404,19.0388,-3.3214,NA
"95",2,20,"J",60.6002,82.14,22.0166,66.2314,75.4738,58.383,50.8292,3.85420000000001,46.028,49.772,23.6704,12.4934,29.1238,13.8906,12.706,28.4464,14.4538,NA
"96",2,21,"J",216.179,190.6576,140.6468,103.465,113.9922,108.676,56.6396,111.9138,100.5842,96.2354,15.3504,64.9626,49.369,42.1244,18.388,42.0244,12.0428,NA
"97",2,22,"J",79.3858,67.3496,97.4008,112.6606,18.0482,61.6096,83.7348,62.2904,100.3468,59.0692,71.3548,52.214,49.0684,19.4968,49.2866,36.5374,40.2102,NA
"98",2,23,"J",250.809,164.4152,88.2618,137.23,96.0458,60.023,62.3768,55.1562,67.3816,85.2838,-7.2426,52.168,9.4474,33.4866,44.6112,26.2322,20.3494,NA
"99",2,24,"J",64.9796,170.353,118.8644,122.9154,103.5592,70.8886,70.6498,70.5306,29.1912,61.8644,47.9568,51.1256,27.0616,9.9692,38.0682,21.0866,-1.232,NA
"100",2,25,"J",93.189,119.8442,41.4778,98.3556,76.441,29.269,20.8046,60.65,1.5444,33.4718,19.834,15.0418,10.9576,13.4032,12.199,8.0956,3.022,NA
"101",3,1,"A",12.788,-6.80119999999999,-2.8692,-5.6522,-4.0516,-0.651800000000001,3.6412,3.9406,-3.9864,-4.3176,0.5692,-1.238,-1.5912,NA,NA,NA,NA,NA
"102",3,2,"A",13.1654,9.09780000000001,4.2038,-5.75579999999999,2.6454,13.2004,14.4404,7.3262,-2.6992,-0.142800000000001,-0.728999999999999,5.37,11.0926,NA,NA,NA,NA,NA
"103",3,3,"A",25.5692,7.5438,2.96539999999999,5.934,-7.64920000000001,12.5928,-20.1822,-13.0704,-5.6212,11.0886,5.7088,7.2218,13.0448,NA,NA,NA,NA,NA
"104",3,4,"A",15.3578,-3.2246,1.9288,2.8308,4.5682,-10.6632,3.7894,-13.4276,3.2498,-5.9364,0.2928,1.6882,1.8582,NA,NA,NA,NA,NA
"105",3,5,"A",42.5174,-22.581,-25.1598,-16.9148,14.5572,12.7824,4.43119999999999,2.64320000000001,0.739200000000011,-11.5754,12.145,21.0578,-5.6996,NA,NA,NA,NA,NA
"106",3,6,"A",9.97880000000001,-19.6244,-4.83320000000001,1.56100000000001,3.4614,-1.3062,-7.1644,14.2006,-2.8364,-2.9274,0.520600000000002,9.6568,-2.9694,NA,NA,NA,NA,NA
"107",3,7,"A",3.84299999999999,26.3468,35.1906,11.9074,-14.6226,-13.4834,1.96340000000001,-37.546,-24.9182,-2.41079999999999,12.049,2.52119999999999,-20.3724,NA,NA,NA,NA,NA
"108",3,8,"A",-160.9112,-48.7261999999999,-53.1318,-91.931,-230.2882,-133.7686,-177.973,-149.0622,-106.868,-117.4638,-156.604,-194.8426,-163.5466,NA,NA,NA,NA,NA
"109",3,9,"A",9.37899999999999,-38.5154,-6.714,9.90440000000001,-26.4308,-1.37360000000001,-28.2332,-20.0624,-16.3694,-11.7392,10.967,-2.1464,-37.1082,NA,NA,NA,NA,NA
"110",3,10,"A",-32.101,-20.5198,-28.6364,-15.1086,-2.56020000000001,-29.9164,-37.5944,-29.3902,-30.5868,-14.249,-7.33840000000001,-11.9986,2.11420000000001,NA,NA,NA,NA,NA
"111",3,11,"A",15.3658,-1.46700000000001,-0.719799999999992,3.11620000000001,12.4444,17.6082,10.6904,11.0696,8.6492,0.456400000000002,-5.2662,-4.1914,9.4132,NA,NA,NA,NA,NA
"112",3,12,"A",10.5678,1.49120000000005,-2.57899999999995,-43.0974,-37.0986,-17.8142,-60.4417999999999,-52.5886,-2.72940000000006,-25.7476,-8.32339999999999,-32.107,-48.7154,NA,NA,NA,NA,NA
"113",3,13,"A",-210.3414,-215.7738,-331.6776,-285.2308,-286.9412,-273.9104,-237.0186,-360.8888,-289.4056,-185.4026,-271.5852,-313.2412,-254.7982,NA,NA,NA,NA,NA
"114",3,14,"A",-89.8128,-67.5252,-74.1646,-102.9582,-89.8068,-117.6188,-134.2924,-66.554,-101.3738,-160.6704,-108.579,-162.1224,-100.6232,NA,NA,NA,NA,NA
"115",3,15,"A",-333.5512,-279.3296,-192.8448,-141.4434,-259.849,-319.2416,-318.6098,-249.9534,-240.9518,-261.0862,-320.4562,-454.6696,-503.8044,NA,NA,NA,NA,NA
"116",3,16,"A",-7.22519999999997,85.3148,49.7386,46.1523999999999,35.6666,23.1867999999999,36.718,15.1982,-57.2562,0.0979999999999563,22.784,-22.2812,-43.3564,NA,NA,NA,NA,NA
"117",3,17,"A",16.4928,23.7356,19.73,25.922,-4.03379999999999,0.605999999999995,21.3012,4.4196,-6.98520000000002,-22.0748,-11.1082,-1.25639999999999,-5.4348,NA,NA,NA,NA,NA
"118",3,18,"A",-15.1646,-12.5706,-15.6476,-19.9594,-10.235,11.5238,-3.3064,3.006,12.375,15.312,11.2732,2.964,0.625599999999999,NA,NA,NA,NA,NA
"119",3,19,"A",-33.4056,-33.2154,9.75440000000003,-22.3124,7.58500000000004,38.1374,39.2726,-42.4974,-6.63639999999998,19.1274,51.115,10.9448,-3.76760000000002,NA,NA,NA,NA,NA
"120",3,20,"A",-29.585,29.8482,30.4482,-24.5872000000001,-4.91039999999998,-18.7876,-16.3568,-1.79160000000002,-29.1856,18.6986,15.714,-45.9346,-3.96019999999999,NA,NA,NA,NA,NA
"121",3,21,"A",11.21,2.33859999999999,43.1968,13.6154,39.8262,47.7574,6.68459999999999,43.5364,32.5622,44.805,11.3576,-4.29900000000001,-0.63239999999999,NA,NA,NA,NA,NA
"122",3,22,"A",-35.1762,8.27319999999997,18.6064,2.61880000000002,-13.7212,-25.8728,-16.8416,-14.2224,-4.50740000000002,7.32479999999998,28.0698,24.8386,-6.80680000000001,NA,NA,NA,NA,NA
"123",3,23,"A",11.1278,-5.1062,11.4644,-12.181,-9.0368,-16.531,-9.7598,-5.156,-1.9326,-8.991,-4.0754,2.3918,-0.984400000000001,NA,NA,NA,NA,NA
"124",3,24,"A",45.5734,30.1918,47.215,37.654,37.964,15.7722,23.1146,9.02160000000001,15.9408,19.136,6.1216,16.2528,7.8196,NA,NA,NA,NA,NA
"125",3,25,"A",14.6608,29.3612,36.748,13.4972,23.2736,8.5506,5.2736,11.6812,16.3148,5.8092,-3.358,17.3978,2.6882,NA,NA,NA,NA,NA
"126",3,1,"J",0.386199999999974,71.819,46.15,16.5544,18.5822,15.1564,17.5776,-4.0776,6.765,19.9074,-0.260399999999997,-6.0436,9.9816,NA,NA,NA,NA,NA
"127",3,2,"J",27.5242,32.9124,28.6086,23.0356,22.1148,29.9346,32.2684,-6.65520000000001,2.89660000000001,10.901,30.0214,41.5706,-2.41800000000001,NA,NA,NA,NA,NA
"128",3,3,"J",-55.2946,-4.43880000000001,-9.2534,26.7636,48.3968,-46.5562,-7.91199999999998,4.42840000000001,100.459,7.9288,-19.329,5.6022,31.4426,NA,NA,NA,NA,NA
"129",3,4,"J",-15.6564,52.9876,22.9188,18.5146,-8.28380000000001,50.0184,-1.7256,35.3244,-7.2066,22.8828,10.9708,26.1136,-20.5998,NA,NA,NA,NA,NA
"130",3,5,"J",0.872600000000034,12.9712,20.4202,113.671,93.6704,33.2306,4.51280000000003,-14.5486,-25.3666,67.7426,128.7776,8.0908,57.5832,NA,NA,NA,NA,NA
"131",3,6,"J",-35.1612,38.949,28.4816,-2.0376,18.9404,9.43440000000001,59.5562,-21.587,30.6124,26.4532,28.5834,-3.819,-16.5476,NA,NA,NA,NA,NA
"132",3,7,"J",38.3612,65.9836,-71.7758,1.44220000000001,-74.1182,12.5688,-148.115,-74.1782,-34.9412,26.4476,-31.4252,-137.7226,-36.7522,NA,NA,NA,NA,NA
"133",3,8,"J",-299.22,-275.2594,-462.229,-759.3634,-382.5602,-623.2408,-464.5202,-389.12,-546.933,-656.6938,-705.4892,-589.014,-704.373,NA,NA,NA,NA,NA
"134",3,9,"J",-118.467,-0.489399999999989,-37.586,-148.401,-47.7848,-151.2436,-67.7838,-109.636,-55.0232,7.57459999999998,-54.8152,-113.14,-257.3928,NA,NA,NA,NA,NA
"135",3,10,"J",-67.2016,-65.3564,-56.4452,-19.5576,-131.1692,-57.7648,-50.135,-98.42,-28.5866,-10.944,-51.0882,-23.124,-166.5002,NA,NA,NA,NA,NA
"136",3,11,"J",-36.9736,-2.7586,42.0784,34.7098,56.9818,62.191,27.9764,17.4934,21.3236,10.0268,-2.99979999999999,25.8916,46.6462,NA,NA,NA,NA,NA
"137",3,12,"J",-230.412,-180.3682,-178.001,-158.3826,-236.849,-281.4434,-352.7426,-109.1188,-232.159,-66.3968,-191.3298,-178.0616,-345.0882,NA,NA,NA,NA,NA
"138",3,13,"J",-661.4684,-1002.1744,-623.8304,-857.4702,-684.6168,-668.71,-969.4242,-817.7814,-539.1042,-844.854,-1091.024,-806.3986,-1376.8456,NA,NA,NA,NA,NA
"139",3,14,"J",-196.6876,-296.8348,-302.6952,-294.9332,-342.6474,-357.8494,-174.277,-443.5624,-489.1062,-333.5722,-586.6456,-314.7906,-591.1476,NA,NA,NA,NA,NA
"140",3,15,"J",-765.4058,-538.812,-555.6326,-992.8674,-1050.9572,-947.767,-799.1018,-816.1106,-1101.2114,-1087.54,-1644.3754,-1477.1822,-1274.8404,NA,NA,NA,NA,NA
"141",3,16,"J",89.9844000000001,-36.3819999999999,-55.8643999999999,-41.2854,-58.0342000000001,-37.551,-137.8674,-244.1716,-131.128,-12.551,-277.4316,-130.8132,-116.1734,NA,NA,NA,NA,NA
"142",3,17,"J",-50.2044,35.7398,-89.318,-138.1854,-103.3892,-16.8602,-100.9522,-111.3156,-121.008,-23.0442,-69.9164,-47.753,-129.7348,NA,NA,NA,NA,NA
"143",3,18,"J",-16.3914,-38.1486,5.42160000000001,8.7884,53.0526,-25.7516,19.1974,21.185,28.243,12.602,-16.2822,-12.0744,3.1754,NA,NA,NA,NA,NA
"144",3,19,"J",-279.878,-3.80939999999998,-171.6716,-73.7809999999999,-75.3244,-83.9752,-266.4036,-31.1412,-102.8854,27.0154,-185.8018,-127.744,-114.9492,NA,NA,NA,NA,NA
"145",3,20,"J",-74.723,27.7593999999999,-223.1682,75.071,-183.2068,-21.7046,-70.3806,-141.467,-45.3278,57.8602,-257.0086,32.7338,-156.422,NA,NA,NA,NA,NA
"146",3,21,"J",-120.6172,133.786,87.0839999999999,122.5528,74.0812,-13.6776,92.536,22.4164,116.4516,17.2192,-22.4846,-32.0324,13.5016,NA,NA,NA,NA,NA
"147",3,22,"J",-32.3238,-84.684,-125.5176,-174.9292,-176.4572,-133.077,-141.4528,-66.8948,-170.7144,-28.0658,-136.8476,-164.7384,-180.998,NA,NA,NA,NA,NA
"148",3,23,"J",-17.963,30.3116,-57.9198,6.56039999999999,-5.0018,2.4276,-15.9296,18.0046,9.545,1.9514,-2.6318,-2.3206,-14.2412,NA,NA,NA,NA,NA
"149",3,24,"J",40.3006,150.385,51.7076,182.3176,84.336,71.219,35.763,79.8238,56.7798,4.82980000000001,55.144,44.0796,30.8186,NA,NA,NA,NA,NA
"150",3,25,"J",63.3916,116.8612,64.0416,75.0036,-43.9788,55.0316,61.826,33.0788,24.5792,12.9502,45.3894,-17.5276,3.64879999999999,NA,NA,NA,NA,NA
"151",4,1,"A",88.4116,67.9634,52.6234,93.9844,54.3448,68.7904,79.9458,56.934,54.4314,76.0418,64.6874,54.0398,44.8124,NA,NA,NA,NA,NA
"152",4,2,"A",70.1752,57.2544,24.8066,37.2948,35.2524,33.3966,19.5894,10.7754,1.2734,4.6196,13.503,0.1082,-0.525600000000001,NA,NA,NA,NA,NA
"153",4,3,"A",95.8228,42.023,46.6384,42.6702,63.4938,44.3062,36.2974,26.005,16.894,13.8826,21.7218,19.7624,10.2484,NA,NA,NA,NA,NA
"154",4,4,"A",114.596,96.4598,83.5224,95.7048,67.923,36.3254,65.1892,58.874,31.7114,27.6424,41.6768,38.2426,37.8704,NA,NA,NA,NA,NA
"155",4,5,"A",142.1558,176.0324,143.1286,99.3328,100.3148,72.105,78.3696,95.3936,105.3708,120.2184,116.8618,112.03,144.345,NA,NA,NA,NA,NA
"156",4,6,"A",13.3328,13.9678,45.1022,47.0126,56.89,21.3564,15.1326,38.7666,28.7412,46.2388,47.0766,53.066,87.1056,NA,NA,NA,NA,NA
"157",4,7,"A",35.0396,29.9924,33.7004,42.8576,25.8152,19.543,21.2732,4.8062,19.1772,21.0558,15.9828,26.5242,28.2358,NA,NA,NA,NA,NA
"158",4,8,"A",9.87139999999999,14.096,6.8214,19.6702,17.0556,22.5552,28.8404,2.29600000000001,12.6636,24.0334,20.1314,12.0014,9.2908,NA,NA,NA,NA,NA
"159",4,9,"A",-154.7058,-109.9308,-85.6976,-49.9428,-61.728,-88.15,-91.2886000000001,-137.951,-142.7544,-53.4988000000001,-55.1351999999999,-157.344,-67.4146000000001,NA,NA,NA,NA,NA
"160",4,10,"A",83.125,136.5358,86.9734,79.6966,93.349,86.6082,65.5076,95.7016,73.4586,114.4074,182.7082,112.4186,137.4318,NA,NA,NA,NA,NA
"161",4,11,"A",-469.955,-503.723,-422.7552,-542.213,-590.6238,-615.6496,-574.056,-626.128,-726.7636,-686.6206,-657.4582,-765.0848,-768.0964,NA,NA,NA,NA,NA
"162",4,12,"A",-146.8766,-156.0498,-91.8214,-173.6278,-204.8186,-161.7314,-141.0298,-141.1086,-196.4712,-200.6924,-118.9016,-194.2396,-226.7688,NA,NA,NA,NA,NA
"163",4,13,"A",-63.6504,-25.5874,17.0276,27.6072,30.1256,62.3974,26.5526,-17.3408,-23.8928,43.9498,48.7192,57.991,0.0203999999999951,NA,NA,NA,NA,NA
"164",4,14,"A",-68.8792,-78.0712,-49.2582,-54.3,-83.7896,-73.9213999999999,-20.374,-64.212,-58.4032,-74.8626,-16.1574000000001,2.73159999999996,-46.2786000000001,NA,NA,NA,NA,NA
"165",4,15,"A",53.5306,29.8982,28.8852,29.635,48.3624,41.979,23.8446,47.931,11.701,25.9254,26.2498,25.9958,32.1852,NA,NA,NA,NA,NA
"166",4,16,"A",90.8848,91.8801999999999,5.63440000000003,-59.3578,-77.4824,-45.864,24.6722,27.9778,9.72839999999997,-17.3756,21.2126000000001,37.1126,71.4294,NA,NA,NA,NA,NA
"167",4,17,"A",-249.8178,-195.8678,-61.8706,-197.2422,-103.2478,-86.5781999999999,-205.1242,-142.125,-216.8652,-229.1076,-148.3264,-167.8116,-105.2416,NA,NA,NA,NA,NA
"168",4,18,"A",52.8272,52.8292,56.7298,46.3228,29.0182,27.3478,31.928,10.4028,32.8626,30.0498,34.58,30.8312,12.5004,NA,NA,NA,NA,NA
"169",4,19,"A",16.5002,17.2584,8.3004,11.111,-2.199,-4.0572,5.8576,3.848,7.3648,8.9802,2.5418,4.8096,0.9696,NA,NA,NA,NA,NA
"170",4,20,"A",80.8744,66.702,69.833,56.943,39.0304,27.0908,17.0864,25.8814,31.7972,6.2718,20.66,21.2084,16.1534,NA,NA,NA,NA,NA
"171",4,21,"A",115.599,95.6634,59.638,44.1094,38.6156,27.1074,24.336,33.7788,35.5782,14.516,16.0138,19.2564,4.0198,NA,NA,NA,NA,NA
"172",4,22,"A",104.2724,64.8814,57.0172,55.4078,47.8876,51.553,42.6932,37.4854,39.775,54.364,32.932,45.5594,41.4142,NA,NA,NA,NA,NA
"173",4,23,"A",48.409,52.4856,33.1652,18.1504,24.7136,17.2128,7.1344,11.3726,7.1098,10.2406,15.2318,17.7344,12.3984,NA,NA,NA,NA,NA
"174",4,24,"A",54.0628,15.6078,30.3242,16.2474,24.4064,8.773,2.5052,13.8772,5.1138,-5.7622,5.3294,7.6538,7.4184,NA,NA,NA,NA,NA
"175",4,25,"A",62.725,70.9566,76.6938,49.9136,82.217,54.0762,63.5912,61.7104,44.7456,62.023,72.6048,59.8308,51.657,NA,NA,NA,NA,NA
"176",4,1,"J",154.3756,158.7564,183.5696,94.0212,204.525,176.0548,118.6442,119.3382,132.457,124.9018,129.3678,74.6232,77.2432,NA,NA,NA,NA,NA
"177",4,2,"J",117.3616,86.3038,147.3522,105.917,54.3214,71.6684,76.5008,45.7346,35.6552,45.3896,17.9174,24.232,41.8222,NA,NA,NA,NA,NA
"178",4,3,"J",112.9944,112.081,143.5716,156.4902,125.0134,131.535,76.3792,97.1592,69.6568,58.0384,37.596,27.9364,41.0302,NA,NA,NA,NA,NA
"179",4,4,"J",159.2956,168.024,190.218,189.7342,140.3056,176.2266,152.5838,116.9802,100.3322,123.5008,88.2308,86.3216,77.8482,NA,NA,NA,NA,NA
"180",4,5,"J",358.8328,280.5372,88.3952,285.2624,166.786,219.2472,235.731,196.0848,185.7204,284.7716,226.2538,305.0582,229.7084,NA,NA,NA,NA,NA
"181",4,6,"J",39.2024,124.3664,92.502,81.4444,-5.50540000000001,70.6732,135.2648,59.5952,120.83,144.8166,130.1888,155.107,156.4896,NA,NA,NA,NA,NA
"182",4,7,"J",154.3666,91.615,94.1714,66.1698,96.4488,75.7792,38.8432,33.2856,76.5992,66.7766,79.72,70.9532,99.5402,NA,NA,NA,NA,NA
"183",4,8,"J",-2.37379999999999,-6.7758,33.6594,3.8244,24.2734,69.9638,0.888200000000012,40.6432,61.4464,64.0836,27.0242,26.6042,25.6412,NA,NA,NA,NA,NA
"184",4,9,"J",-130.2826,-239.178,-48.2911999999999,-212.69,-154.5222,-260.12,-269.9064,-226.6144,-62.106,-57.1833999999999,-413.794,2.31820000000016,-21.453,NA,NA,NA,NA,NA
"185",4,10,"J",291.1788,81.3878,142.8552,205.2166,96.3026,124.659,154.1296,125.9622,127.9048,339.8732,213.8864,166.705,256.1148,NA,NA,NA,NA,NA
"186",4,11,"J",-877.8134,-631.676,-1003.8452,-915.5358,-971.0388,-896.0554,-1093.687,-1261.3746,-1038.8094,-1132.802,-1414.983,-1194.0352,-1652.1508,NA,NA,NA,NA,NA
"187",4,12,"J",-265.8328,-203.6496,-344.0508,-305.2484,-280.7068,-202.9342,-365.5402,-476.022,-362.6132,-194.2596,-367.3056,-390.0932,-431.54,NA,NA,NA,NA,NA
"188",4,13,"J",4.57560000000001,-10.8128,56.0578,-78.4964,102.119,-70.9288,-172.6516,-1.85799999999995,36.79,-67.3666000000001,-13.1158,-77.0888,-142.4472,NA,NA,NA,NA,NA
"189",4,14,"J",-192.555,-47.1797999999999,-109.6802,-263.8156,-111.0406,-153.485,-228.9612,-203.8526,-146.4718,42.9498000000001,-53.9749999999999,-94.5316,53.0208,NA,NA,NA,NA,NA
"190",4,15,"J",176.969,195.4974,125.9056,234.6374,139.4144,126.0804,187.6734,43.8122,107.309,94.3546,75.1102,99.5062,36.527,NA,NA,NA,NA,NA
"191",4,16,"J",224.4562,-70.8042,-97.0275999999999,-107.208,-76.2611999999999,79.8671999999999,-41.9286,-43.1320000000001,-11.9331999999999,-26.2772,115.1554,66.5444,-151.0066,NA,NA,NA,NA,NA
"192",4,17,"J",-242.1624,112.5266,-402.7838,-5.7518,-247.6464,-524.5398,-62.3362,-327.2432,-375.3068,-207.514,-249.916,-42.8339999999998,-515.9392,NA,NA,NA,NA,NA
"193",4,18,"J",97.0794,88.6578,124.1646,106.5424,45.2492,82.5038,86.5022,142.575,104.9112,87.7544,48.0388,33.0608,66.1712,NA,NA,NA,NA,NA
"194",4,19,"J",54.5026,34.4072,27.3596,11.411,21.1776,39.8458,4.12,19.8988,22.0754,18.093,17.985,5.911,20.3686,NA,NA,NA,NA,NA
"195",4,20,"J",185.0412,115.5472,137.727,137.6008,100.9088,98.7066,137.9292,121.4376,28.3866,55.3706,86.9038,64.3172,103.0192,NA,NA,NA,NA,NA
"196",4,21,"J",253.3204,166.8394,212.2462,124.9764,102.623,97.2108,116.7832,112.602,41.3806,55.3812,49.3248,11.6808,50.6272,NA,NA,NA,NA,NA
"197",4,22,"J",171.9498,200.7872,125.5186,116.0382,139.011,109.5208,100.9294,109.0942,148.4916,134.327,101.4814,66.7918,126.8414,NA,NA,NA,NA,NA
"198",4,23,"J",123.2918,95.3228,69.0172,70.7098,58.0928,54.3958,85.1126,38.1602,31.7402,53.4932,46.0294,36.3708,27.161,NA,NA,NA,NA,NA
"199",4,24,"J",62.8502,145.4488,90.8338,98.7846,41.1548,40.9596,91.4578,21.3378,3.2892,40.3542,18.9542,30.3852,5.9124,NA,NA,NA,NA,NA
"200",4,25,"J",170.1088,201.8842,78.6636,184.518,121.4506,170.3536,182.0604,146.599,152.1564,156.0042,103.1722,78.473,53.9414,NA,NA,NA,NA,NA
"201",5,1,"A",115.8028,121.8676,55.6022,78.8316,125.8486,85.1002,94.9046,100.7648,150.3722,150.9038,113.6604,140.2226,101.2392,164.831,102.988,72.7344000000001,135.6132,NA
"202",5,2,"A",75.9862,89.7642,65.2638,39.1088,50.9068,43.1128,55.8874,51.3978,25.0664,27.056,25.2152,25.0324,15.6904,32.5038,24.2216,18.0678,8.1684,NA
"203",5,3,"A",57.225,39.3696,27.0656,21.8964,29.842,30.592,22.1726,21.133,22.3352,13.6714,3.9174,13.1328,22.5172,6.617,3.967,7.312,2.7356,NA
"204",5,4,"A",123.8368,101.2714,122.6018,128.4318,118.5974,94.33,104.729,96.9882,97.1476,105.2132,130.4952,83.54,85.3124,115.8934,92.3666,105.744,94.1342,NA
"205",5,5,"A",154.8342,189.0156,145.961,158.9026,152.4218,135.7454,153.5716,151.8784,105.6336,101.6772,126.9548,89.374,84.356,85.2274,37.5714,84.4484,72.093,NA
"206",5,6,"A",44.922,53.9688,44.8026,63.5888,86.471,51.9184,58.7174,78.9992,37.769,48.0756,73.5768,29.2058,28.694,37.2496,47.4126,54.0826,32.2682,NA
"207",5,7,"A",26.6592,6.56440000000001,32.2248,14.9412,1.3588,26.1342,19.672,10.814,18.7674,20.5292,19.0454,3.4656,1.5042,-1.0724,6.1248,7.5768,11.28,NA
"208",5,8,"A",30.7322,13.8028,21.7418,45.4064,58.8532,21.5584,6.99359999999999,20.7394,63.521,40.361,45.4308,1.56319999999999,-7.53800000000001,-12.0966,-4.374,-1.19880000000001,29.8144,NA
"209",5,9,"A",11.0518,14.6278,15.7428,-20.4254,22.811,8.07220000000001,21.288,18.5134,8.59480000000002,35.2648,1.7944,-8.55079999999998,-10.6676,-11.6878,-30.5382,-9.36680000000001,4.17380000000003,NA
"210",5,10,"A",55.8292,37.3326,57.7698,39.5302,88.2154,55.3872,56.4424,95.922,60.585,32.23,45.2188,34.432,26.7276,29.7972,37.554,21.2032,49.3248,NA
"211",5,11,"A",55.3468,66.8488,32.7598,23.8216,32.4486,19.1974,36.109,21.0128,23.5076,28.281,27.3298,39.5592,26.082,30.8298,30.6494,15.3796,8.0848,NA
"212",5,12,"A",104.7864,131.211,74.6138,117.24,123.8638,53.7684,98.6702,118.6294,117.5838,95.1602,114.0556,102.1056,74.5152,105.3626,155.274,117.3566,108.1172,NA
"213",5,13,"A",-70.9292,-109.157,-123.8454,-163.611,-230.5644,-141.2318,-201.83,-132.6028,-282.4108,-295.0384,-237.2092,-216.351,-526.803,-366.7072,-563.3392,-633.064,-638.3182,NA
"214",5,14,"A",23.395,26.292,26.8244,18.1976,58.206,56.6338,9.4264,52.2126,28.2064,51.3028,76.5908,38.1346,47.6278,45.9346,33.2694,19.0878,10.3456,NA
"215",5,15,"A",18.402,19.63,27.0292,29.9046,20.8854,13.9326,5.4094,13.817,3.7666,-1.7876,2.6018,1.7916,-0.2682,6.4074,7.5386,4.1108,2.9842,NA
"216",5,16,"A",154.311,124.876,106.5944,82.6146,83.271,93.1128,59.3394,78.867,101.315,86.238,68.8116,53.967,52.4066,47.5102,32.4932,60.8066,47.0942,NA
"217",5,17,"A",-1.88119999999998,-21.121,-96.3294,-68.6404,-81.821,-66.6134,-43.8366,-55.0648,-92.3742,-68.9138,-59.2494,-118.5866,-108.5604,-116.2024,-151.915,-171.2058,-210.7088,NA
"218",5,18,"A",-360.2534,-250.563,-446.4206,-601.326,-550.3684,-644.5202,-677.232,-963.8418,-1066.57,-1197.8266,-1308.8038,-1667.7248,-1967.4066,-1983.0484,-2415.046,-2760.4866,-2738.12,NA
"219",5,19,"A",92.4058,61.7718,31.1002,51.289,18.713,25.688,25.6706,31.6518,41.404,36.1988,46.0606,35.7376,9.50919999999999,31.0016,35.8018,34.4124,53.193,NA
"220",5,20,"A",14.6834,13.5554,7.4384,-1.9208,-3.0762,-3.9184,3.8638,5.0466,2.7062,1.399,-1.9666,-1.01,-0.2768,0.336,-2.3094,-0.6456,-1.5088,NA
"221",5,21,"A",36.1826,1.9868,14.2152,16.9028,20.7094,10.6236,21.2916,22.639,32.8564,37.738,26.2882,17.0684,18.8922,-6.46899999999999,-3.633,10.9502,6.59,NA
"222",5,22,"A",95.7624,69.8296,38.3874,14.1032,33.1142,67.109,91.0366,54.185,61.9148,67.0398,57.5064,44.0648,-15.3254,28.6784,12.4494,70.0356,72.4802,NA
"223",5,23,"A",101.9196,38.737,34.801,-1.88419999999996,60.7276000000001,57.8724,55.51,120.9178,64.2270000000001,64.2447999999999,80.6164000000001,17.6928,-39.3030000000001,-8.47980000000007,39.6536000000001,-123.0128,-17.6482000000001,NA
"224",5,24,"A",134.6334,122.3148,120.8232,109.2538,151.9276,126.877,105.115,105.3988,101.496,94.279,86.9532,53.6988,105.9846,92.865,56.6976,53.1472,84.1622,NA
"225",5,25,"A",14.4652,-2.407,7.2656,6.0566,23.573,10.22,7.68,0.230399999999999,6.6512,0.6386,4.1108,0.2404,4.7144,1.9454,-0.2408,0.418,1.301,NA
"226",5,1,"J",149.4244,66.009,28.6748,175.0084,-21.549,62.9446,99.0184,189.5762,100.204,98.5846,100.1904,25.4978,252.4352,20.0228,32.7757999999999,200.646,10.7370000000001,NA
"227",5,2,"J",191.8062,126.5046,104.9396,128.1248,100.0324,137.8138,123.907,58.9256,98.4018,79.641,7.74879999999999,60.4922,92.4686,61.3308,26.1392,5.63120000000001,47.5694,NA
"228",5,3,"J",103.126,74.0402,57.546,67.733,40.432,55.1594,29.1108,19.5384,41.1746,22.1748,46.1792,51.0584,-11.5026,12.7398,4.9422,24.031,-11.954,NA
"229",5,4,"J",74.2194,135.5518,123.1276,62.0976000000001,-43.0144,126.2268,24.8686,-1.71339999999998,23.7860000000001,171.9724,-24.0346,54.0544,118.5568,64.3536,79.6736000000001,43.2557999999999,243.5094,NA
"230",5,5,"J",382.0694,246.2768,245.9396,172.1284,209.2988,262.7952,271.3394,211.0448,157.1216,204.1298,60.9566,68.6541999999999,163.9928,100.6,173.258,146.7866,236.9316,NA
"231",5,6,"J",106.8866,42.1264,71.178,179.8486,80.606,93.382,106.992,62.0248,116.0222,124.1152,3.20940000000002,62.1216,100.3104,94.558,102.1846,12.079,71.989,NA
"232",5,7,"J",-11.4908,113.4308,22.4914,44.8658,91.2356,41.7744,21.0702,55.7882,48.8398,32.2674,25.8528,12.3556,10.9014,7.1944,4.3476,25.9186,19.3258,NA
"233",5,8,"J",60.266,72.3412,52.9534,120.2742,-7.42619999999999,19.3138,44.6748,132.7682,47.7646,32.1904,-5.67099999999999,-19.2932,-43.4088,25.8306,45.7518,75.7034,59.8746,NA
"234",5,9,"J",-21.8512,-14.6598,-150.249,80.589,-102.1238,-38.6688,-39.7074,-77.367,-24.299,-71.5204,-141.2006,-89.7736,-153.6348,-92.956,-59.3728,-99.7652,-46.808,NA
"235",5,10,"J",103.119,93.5482,37.574,134.0608,21.6944,31.8656,147.0306,119.0128,-24.9208,110.4732,99.268,27.3018,12.2828,44.2194,-7.83659999999998,67.126,103.8492,NA
"236",5,11,"J",131.2556,32.409,66.429,38.584,53.2924,99.2502,17.7662,79.713,46.235,57.8774,87.0586,56.8908,73.9706,81.2172,24.9172,42.3628,77.6628,NA
"237",5,12,"J",206.1842,-91.7692,120.6844,134.5486,-66.8866,115.3284,20.2950000000001,95.5308,-31.5555999999999,125.2816,-64.2629999999999,-91.9774,35.3902,164.7398,-34.4259999999999,19.1738,236.8688,NA
"238",5,13,"J",-412.1888,-456.2406,-581.81,-721.3958,-422.4078,-799.2558,-597.9964,-976.0134,-934.5542,-812.9346,-1090.3964,-1694.35,-1165.093,-1923.7988,-1993.32,-1802.4598,-1409.1488,NA
"239",5,14,"J",-37.0924,-32.8253999999999,-36.4304,67.4754,-99.7166,-87.4628,61.5506,-37.1898,51.4568,36.4182,-4.20339999999999,-49.8292,39.9476,-79.4748,-33.0638,-104.4508,-160.8688,NA
"240",5,15,"J",46.9638,62.9728,78.2368,49.8002,35.944,37.5344,29.2366,6.3034,10.3824,-1.67740000000001,15.5996,12.615,15.9284,8.0676,11.888,18.217,-4.7476,NA
"241",5,16,"J",213.4976,177.3388,122.8636,129.3708,175.2634,76.647,105.9952,168.6306,92.9158,121.6852,111.1292,33.3696,52.877,32.1136,100.8624,70.8386,14.4748,NA
"242",5,17,"J",-273.1328,-380.2968,-199.3032,-307.2178,-239.382,-257.8578,-285.1424,-398.0016,-378.8838,-381.7162,-664.5096,-490.894,-521.0322,-622.8972,-699.5526,-833.9264,-506.4558,NA
"243",5,18,"J",-726.373,-1487.4528,-1814.7628,-1640.9132,-1891.6894,-1967.6356,-2940.1898,-2800.2312,-3306.1182,-3815.2338,-4716.8196,-5164.725,-5163.4462,-6267.1126,-7686.028,-7085.907,-7397.4476,NA
"244",5,19,"J",135.4936,27.9948000000001,65.657,-6.39099999999996,51.4164,127.4154,47.7508,87.5072,0.605200000000025,45.8828,25.0222,21.2166,70.0472,19.9478,54.8616,116.9564,104.0056,NA
"245",5,20,"J",40.1782,29.7726,26.6168,11.1994,16.3966,22.4448,27.793,19.17,18.1434,-3.53,5.7548,0.335599999999999,-0.5002,-4.485,1.3274,-1.5218,1.3486,NA
"246",5,21,"J",-22.2762,49.2842,5.01580000000001,39.6176,4.08019999999999,42.5114,42.2422,57.7786,80.3258,-11.9162,36.3116,14.8228,-23.0804,-0.873799999999989,45.5236,2.2482,-5.0934,NA
"247",5,22,"J",50.4712,-19.7682,-59.377,38.6624,25.1608,80.703,-17.5804000000001,60.5178,53.4864,-13.6576,60.731,-157.9674,5.44719999999995,-9.75559999999996,72.6568,90.098,112.3216,NA
"248",5,23,"J",-329.2282,-268.9602,-342.3552,-196.1206,-362.8616,-282.7576,-272.619,-430.3526,-364.9366,-409.8514,-597.4354,-620.1638,-620.3214,-410.501,-1124.145,-685.3098,-492.809,NA
"249",5,24,"J",191.23,184.5404,147.4196,256.383,147.6796,125.741,201.7984,199.9756,112.3908,136.8272,65.9914,179.0476,111.0588,37.9342,111.0924,128.821,114.0862,NA
"250",5,25,"J",17.2366,54.3374,27.1514,55.763,27.6346,31.518,12.634,-2.2266,4.4322,9.975,1.097,24.0084,6.687,2.3458,7.7018,4.3206,-5.2172,NA
"251",6,1,"A",29.1878,45.437,49.7968,21.5324,35.42,24.7554,20.3556,18.883,19.312,19.192,21.569,7.816,3.97620000000001,11.6354,7.5452,-1.9344,6.3734,NA
"252",6,2,"A",31.7562,14.2842,30.6174,12.098,-9.1382,-13.067,-1.7364,2.178,-5.5444,-1.4848,2.1766,10.855,13.049,6.253,3.8242,4.7186,2.286,NA
"253",6,3,"A",9.6626,-7.97579999999999,-4.56939999999997,-17.0278,1.203,27.3972,2.35640000000001,-3.91200000000001,-6.4752,-8.435,-4.0124,11.0676,12.3216,-25.4444,-12.952,-12.2054,-6.4478,NA
"254",6,4,"A",-148.4106,-59.5102,-115.5988,-23.1974,-58.122,-104.0132,-95.8756,-92.0506,-99.707,-47.6878,-25.6168,-42.642,-76.541,-62.6676,-67.8324,-39.7128,-35.6016,NA
"255",6,5,"A",45.2918,-9.47559999999999,-10.5352,19.665,8.0866,30.46,20.4662,19.2824,-16.7152,11.6476,26.7886,14.7116,-3.205,5.17,-7.5774,-1.012,4.813,NA
"256",6,6,"A",29.693,16.8186,8.66559999999998,-5.65460000000002,30.592,17.991,15.7906,33.8502,33.0022,5.12979999999999,4.9838,1.0538,0.19980000000001,-0.348799999999997,7.5016,8.6442,-7.5414,NA
"257",6,7,"A",23.6118,-3.86,1.8962,-6.5858,-4.0434,-9.3004,-3.016,-2.5376,-0.4344,-2.6234,6.7036,2.4312,0.0182000000000002,1.0268,-3.3178,-3.6688,-1.5764,NA
"258",6,8,"A",-103.6028,18.0273999999999,-11.7444,-53.357,-97.954,-61.0728,-47.1092,-18.604,-33.5322,-21.6138,6.16879999999998,15.1274,-16.688,-33.3522,1.06220000000002,-4.5804,-23.7928,NA
"259",6,9,"A",-138.2162,-138.7288,-50.7501999999999,-93.1405999999999,-137.0168,-14.6387999999999,-99.5,-139.197,-91.8114,-121.409,-108.0228,-80.449,-128.4782,-100.404,-100.083,-86.4278,-154.7352,NA
"260",6,10,"A",27.55,-25.8222,15.1706,14.1864,8.88659999999999,6.649,-4.611,9.1568,16.9322,16.2532,14.1706,-2.8686,-5.50660000000001,-12.1382,2.3586,-0.914999999999999,-4.2556,NA
"261",6,11,"A",-27.8324,-57.7788,-35.3036,-2.8766,-30.1582,-30.1,-43.1258,-28.6654,-23.1222,10.26,2.12360000000001,-23.837,-11.4952,-52.177,-50.8132,-44.621,-18.0132,NA
"262",6,12,"A",-16.2962,-2.35919999999999,4.10419999999999,28.8966,14.1552,28.5688,12.6028,31.8898,10.1468,38.6162,9.75819999999999,-1.0222,-10.0758,-31.5262,-3.69239999999999,2.4308,14.417,NA
"263",6,13,"A",-28.8514,12.3762,-23.5626,-32.0482,6.74180000000001,-20.3122,-16.4388,-27.9244,51.283,26.8646,23.8826,12.5348,16.5578,15.5224,-9.90219999999999,-6.91,-34.9268,NA
"264",6,14,"A",2.8708,-7.32499999999999,-10.9446,3.2998,-18.4236,-29.722,-18.9092,-19.9102,-8.95339999999999,-2.33959999999999,-31.0548,-37.9286,-13.1964,-8.9644,-12.6194,-8.37820000000001,-3.5164,NA
"265",6,15,"A",-43.9234,-18.9114,3.25400000000002,-45.9806,-57.2608,10.5988,-66.4404,-40.8038,-36.5802,-16.1322,-26.1246,-51.2206,-24.2418,-55.6652,-16.8976,4.92400000000001,-29.8142,NA
"266",6,16,"A",10.4206,22.92,14.8156,2.1314,1.15179999999999,1.9678,-5.0702,-6.3828,1.7064,-12.7034,10.7686,-4.7318,-3.558,-2.4164,1.597,4.5304,5.389,NA
"267",6,17,"A",20.1048,16.7128,8.3442,-9.404,4.61620000000001,-3.47880000000001,6.78319999999999,7.3472,3.5154,6.843,-0.890799999999999,-9.957,5.7094,0.438000000000002,-1.5448,7.3654,13.1698,NA
"268",6,18,"A",63.3698,18.422,26.1892,5.31899999999999,8.31999999999999,-5.33619999999999,-12.849,-14.3142,2.45059999999999,19.618,-8.90179999999999,-4.1302,-2.0972,3.2826,17.5476,-1.8424,-8.546,NA
"269",6,19,"A",-12.8304,6.94040000000001,6.70820000000001,-13.8758,-5.27119999999999,-4.3164,15.8548,-3.35,1.1788,2.2868,5.0902,2.6994,3.348,-1.588,-0.687999999999999,-12.5056,-1.1728,NA
"270",6,20,"A",1.77420000000001,6.78619999999999,-12.2212,-28.5342,-13.331,-3.35639999999999,-0.923599999999993,4.4744,4.3556,7.6792,12.8222,-5.3136,-10.3234,-12.0858,-3.8898,5.1186,1.8998,NA
"271",6,21,"A",13.727,9.75299999999999,-7.70740000000001,15.4002,4.4318,-13.1492,-11.9968,-21.9636,-13.2098,-4.4038,5.4098,-8.4766,-21.1364,-21.6828,-6.3254,3.18000000000001,-0.3354,NA
"272",6,22,"A",9.4118,-0.5608,13.6912,3.6984,8.0666,16.23,3.753,-2.0224,-2.1714,-7.382,4.7906,-0.0772000000000013,-4.5486,1.9478,-0.6524,3.8866,-0.9628,NA
"273",6,23,"A",17.4582,26.2808,13.2734,5.559,-10.2898,-5.8626,-6.171,-2.6336,-6.5492,-5.4872,-5.208,4.3616,2.9568,-5.1292,6.97,4.2848,2.195,NA
"274",6,24,"A",23.0562,-0.505999999999972,-34.4492,-2.47739999999999,-19.7674,-41.2168,-40.2038,-24.5888,-9.4522,-17.9778,-15.4638,10.509,20.5146,-3.3468,-21.6182,-15.5976,15.4586,NA
"275",6,25,"A",-27.7146,4.53980000000001,4.50959999999998,24.8834,38.684,12.11,38.8634,37.4344,50.743,23.309,2.1446,4.52879999999999,11.149,14.0074,-11.0362,1.6996,-6.9152,NA
"276",6,1,"J",152.5066,83.7528,4.94320000000005,77.9194,87.0238,49.483,25.232,73.8838,81.6878,64.8402,2.40780000000001,1.32679999999999,40.604,9.76179999999999,8.4864,31.6696,2.66719999999999,NA
"277",6,2,"J",83.706,151.9004,110.1536,42.5352,21.2164,68.1688,43.0108,12.8432,27.4684,12.5362,35.483,28.767,11.0128,15.114,10.75,10.0014,-18.1094,NA
"278",6,3,"J",59.6886,81.9148,2.00340000000006,59.5706,79.4152,59.1464,11.4298,73.15,9.38959999999997,18.0884,49.3938,35.4322,-42.8664,20.6462,6.01499999999999,4.5988,-4.3002,NA
"279",6,4,"J",-61.9446,-287.5756,26.422,-197.719,-226.5678,-222.5938,-180.1756,-208.0894,-26.9672,-117.6052,-105.9034,-212.3438,-90.5788,-177.5794,-82.5456,-130.4114,23.2722,NA
"280",6,5,"J",-28.34,28.2482,96.7036,39.558,63.8534,-21.4878,59.6362,-3.2038,77.224,72.1718,24.4392,-53.2394,27.5906,-4.2362,34.0222,23.5632,2.877,NA
"281",6,6,"J",51.674,-5.31439999999998,27.3493999999999,31.2084,5.78599999999994,49.9268,26.434,67.2858,-4.23000000000002,46.7686,-3.23439999999999,-18.561,21.7826,30.4352,23.2992,-38.1186,-5.1266,NA
"282",6,7,"J",-18.4762,8.953,-2.78559999999999,22.2308,-4.0416,13.3826,-10.8504,12.4152,1.581,8.536,23.3912,12.6282,1.786,2.8052,-5.1954,4.152,2.3284,NA
"283",6,8,"J",142.6958,-132.6998,-178.2232,-304.5504,-81.2614,-111.1946,-73.549,-95.2963999999999,5.7758,53.1062,-22.447,-116.3788,-63.5058,42.0396,0.730999999999995,-110.7376,-48.1088,NA
"284",6,9,"J",-327.9886,-89.8291999999999,-353.868,-385.6592,-120.9422,-460.758,-506.473,-236.0108,-411.3304,-317.1092,-295.7812,-411.769,-197.9538,-351.0186,-313.562,-531.7212,-531.4832,NA
"285",6,10,"J",-48.6134,82.5816,38.594,15.5408,76.631,-29.2678,26.5452,86.0646,33.0016,42.7794,-31.3644,-5.62360000000001,-0.721800000000002,22.0724,12.1044,-14.1678,-9.8604,NA
"286",6,11,"J",-175.859,-84.7848,21.9428,-202.1466,-116.5278,-160.7902,-132.7106,-47.1234,-51.9462,-62.3292,-159.752,-32.1642,-115.5588,-131.8036,-106.7948,-55.8578,-75.016,NA
"287",6,12,"J",-55.5319999999999,-43.0854,93.822,-10.5223999999999,51.9582,-41.8264,-3.32839999999999,63.6986000000001,39.7996000000001,-61.5122,-19.7284,13.4656,-100.413,49.1224,43.317,12.1768,-105.7982,NA
"288",6,13,"J",41.929,-171.4414,-40.4160000000001,-35.3938000000001,-100.9286,-57.1688,-158.435,126.1596,-23.6364,16.8592,-72.7238,63.499,20.8274,15.5696,-9.84780000000001,-82.908,-79.5962,NA
"289",6,14,"J",-60.7854,11.0852,-24.5758,-82.7412,-79.4626,-23.9816,-38.8654,-9.08699999999999,-30.2184,-82.1636,-80.9028,-35.8632,-16.3784,-56.8852,-40.3536,-28.7912,9.47380000000001,NA
"290",6,15,"J",-39.9012,-47.6182,-164.7618,-178.0254,7.31579999999997,-226.8538,-69.4983999999999,-65.5445999999999,-70.8898,-6.77179999999998,-40.4478,-56.093,-169.9432,-37.7984,8.25420000000003,-125.8752,-120.0092,NA
"291",6,16,"J",-21.084,-13.261,5.31739999999999,-30.1472,16.5072,-49.2864,-26.8068,-11.3284,-61.2418,51.955,-17.5968,-26.4068,-12.3028,28.2006,3.7246,-8.47539999999999,-5.10899999999999,NA
"292",6,17,"J",4.14019999999999,-18.729,22.3914,32.5188,-32.6748,49.9434,7.75579999999999,1.1806,24.135,5.818,-10.981,43.2876,3.53579999999999,2.4606,17.7734,16.5076,-22.3834,NA
"293",6,18,"J",-45.2198,-6.68799999999999,44.5,2.51479999999998,-6.04820000000001,-16.8096,-11.3138,56.6934,54.415,1.20599999999999,19.5934,21.4834,31.665,20.0402,-18.2678,-6.062,17.0018,NA
"294",6,19,"J",54.4824,9.524,-20.6664,-2.59100000000001,8.16380000000001,53.6214,0.787200000000013,12.3958,19.1912,8.396,25.7182,6.81480000000001,1.3532,8.3156,-5.8526,14.6364,13.233,NA
"295",6,20,"J",54.1898,-50.8054,-46.7988,28.0798,-9.5986,22.6644,20.6626,8.88900000000001,7.9248,19.187,-6.6048,-4.73079999999999,-30.388,15.3628,32.275,-19.2794,7.6984,NA
"296",6,21,"J",23.3644,-35.6854,-18.4342,-23.1724,-52.7656,2.41319999999999,-53.7,-57.198,-11.2476,28.5528,-39.7078,-37.4424,-36.2052,12.0304,-2.80520000000001,16.38,26.844,NA
"297",6,22,"J",-8.04580000000001,69.1122,-1.0676,14.202,30.095,21.9452,7.4166,5.6062,-18.5634,16.434,-4.8142,-2.241,12.105,3.1816,15.1884,-8.7082,1.502,NA
"298",6,23,"J",50.9154,19.5452,25.3612,-3.42400000000001,19.1352,-19.503,-5.3228,-15.0636,1.4804,-0.263199999999998,29.0986,14.2152,-7.0424,19.4872,14.226,5.0476,-0.257999999999999,NA
"299",6,24,"J",-32.4104,-63.5928,60.1256,-15.1082,-71.1732,-2.80560000000003,-51.3936,29.7486,-78.2298,5.37180000000001,15.6964,25.474,-24.6458,-39.455,-23.7784,45.6652,-20.3106,NA
"300",6,25,"J",-5.19179999999994,2.32960000000003,41.818,29.6724,-71.1894,60.136,42.0784,68.0398,-30.6104,-57.3148,9.54700000000003,28.4852,-20.2028,-2.07580000000002,-1.45139999999998,-8.65140000000002,-15.8614,NA
"301",7,1,"A",-53.2356,-26.7008,-30.5652,-27.3168,-61.3054,-44.5366,-10.8336,-2.4486,-23.9414,3.5872,-18.8742,-56.2912,-52.6874,-23.681,-16.9626,-7.3492,3.81979999999999,-32.7624
"302",7,2,"A",-38.9454,-62.93,-11.354,-91.1776,-54.8156,-84.9326,-42.0912,-32.107,-26.408,-73.5522,-93.1508,-49.402,-36.7306,-111.087,-46.1084,-112.6364,-89.318,-55.4932
"303",7,3,"A",-147.8914,-144.1056,-198.6664,-230.2976,-253.7778,-180.6772,-187.5984,-246.6016,-227.0382,-261.7712,-302.5428,-172.6746,-161.2944,-220.1658,-157.6688,-217.65,-174.5906,-215.1282
"304",7,4,"A",-78.936,-107.6412,-89.7708,-109.2498,-71.665,-80.0996,-95.576,-140.277,-129.2446,-58.9438,-104.3342,-43.8648,-78.401,-50.3746,-79.0312,-73.5204,-66.0062,-38.2126
"305",7,5,"A",-83.8194,-94.9964,-76.268,-70.6204,-128.043,-115.2988,-131.4528,-120.7426,-91.2298,-120.0652,-172.6254,-122.0516,-102.7552,-111.266,-115.6866,-165.0464,-216.6902,-238.8442
"306",7,6,"A",-72.8192,-20.4944,-9.90260000000001,-56.0698,-21.29,-5.70460000000003,61.8342,-13.7116,-38.8478,8.6934,-5.506,-16.8812,-9.85319999999999,-14.6282,17.9128,-23.1178,-31.7376,-23.5528
"307",7,7,"A",-18.7494,-22.224,-5.71339999999999,-0.678799999999995,-7.641,5.4104,-0.5032,3.5352,-3.8048,12.7574,-5.2996,-0.660400000000003,-2.4718,-7.0074,-7.5664,-1.732,-6.4922,-2.659
"308",7,8,"A",5.57839999999999,-5.74959999999999,-22.182,-2.1508,4.04940000000001,-4.749,-11.8322,-28.3294,-21.1458,-5.0306,-4.9408,0.590399999999999,5.9946,-2.3424,1.728,-4.5566,-7.3416,-6.5044
"309",7,9,"A",51.8034,-11.4018,-6.928,-0.282399999999996,-31.1316,1.1336,3.542,-16.4792,-2.402,5.4798,-1.1554,-10.6808,-5.3656,-0.2014,1.7216,-1.6242,-3.9964,-9.2114
"310",7,10,"A",-22.206,-10.796,-12.4472,-6.89959999999999,-25.4602,-15.7682,-12.8996,-21.1634,-11.6564,-15.8668,5.51779999999999,-1.9032,2.79600000000001,9.024,22.5006,-2.52500000000001,-17.7028,-23.1358
"311",7,11,"A",30.9224,-21.0098,-1.47800000000001,10.2416,-12.0562,-11.7532,0.0708000000000055,-14.3836,-13.429,-9.4128,-17.941,14.6664,3.5384,-3.8186,0.2104,6.4816,-3.8914,-0.969799999999999
"312",7,12,"A",4.83019999999999,15.1566,12.5866,6.30619999999999,-4.99939999999999,-7.0598,-6.956,-8.0194,-15.6444,-2.6576,11.498,0.978200000000001,5.6656,-3.081,-3.1086,-13.0498,-13.6842,-11.898
"313",7,13,"A",-10.7184,-0.962,0.438599999999999,-3.1652,-1.014,-6.0048,-2.7312,-3.4686,0.4976,-1.4334,-0.0981999999999998,-0.5648,2.7914,-4.106,-0.1134,-1.35,-1.3686,0.5166
"314",7,14,"A",41.7106,11.8714,20.542,14.3432,-1.20059999999999,7.4624,-6.27500000000001,3.4336,-9.7608,-7.7032,4.3096,-5.2656,-6.1216,2.9224,1.7894,-6.4286,4.3708,2.2846
"315",7,15,"A",-0.369799999999998,10.5814,12.7266,-1.721,11.788,5.6388,6.4518,-2.0316,-9.1344,6.4176,-2.4884,-7.3564,-3.3496,-1.1862,1.732,-3.431,1.2906,0.7194
"316",7,16,"A",7.5072,-3.881,-17.8404,-11.9962,4.2804,-5.1044,2.5816,8.5818,0.465,-6.4058,-1.4074,1.004,2.817,3.8454,5.9926,-0.275600000000001,-2.296,-5.03
"317",7,17,"A",2.7228,2.3968,1.7892,1.5522,5.4292,-1.917,-3.7782,-6.4912,-8.0914,-3.3622,1.8668,0.5986,1.5564,1.4728,-0.3694,0.6584,1.6356,0.4656
"318",7,18,"A",32.6124,21.7136,29.0964,2.15559999999999,13.78,2.12280000000001,10.009,-16.2582,-14.5404,-6.4894,-4.42,5.9738,4.61539999999999,-2.0352,-10.0504,-2.3016,15.599,6.3946
"319",7,19,"A",9.14060000000001,-6.82459999999998,-30.5884,-13.7836,3.23519999999999,-6.9034,-18.3332,-13.6282,-15.2208,-5.93940000000001,-3.354,-8.0698,-6.252,-9.17700000000001,5.8748,7.46,-0.241999999999997,7.9776
"320",7,20,"A",15.0446,-3.25299999999999,-9.5966,5.39060000000001,-32.7072,12.649,-16.0178,-23.7618,-13.266,-20.5618,-13.9164,4.9556,5.3778,-10.8918,-5.2814,-12.3294,-8.7902,-8.8164
"321",7,21,"A",-2.3408,29.1214,-9.518,-22.8322,10.3044,-3.32859999999999,-23.7964,-20.0482,-7.7028,-2.87220000000001,-10.3908,6.13420000000001,4.276,-2.3546,3.0704,10.8658,6.1208,2.4842
"322",7,22,"A",31.862,0.360600000000005,-14.791,-1.4946,-5.2378,-11.0216,-4.3808,-8.0042,3.9044,-3.2654,-10.1142,0.0131999999999994,-5.7574,1.0108,-1.7152,-2.4894,1.094,0.9744
"323",7,23,"A",41.3094,-5.52520000000001,-25.1802,-11.566,-0.536399999999986,-4.49180000000001,0.0653999999999968,-6.42019999999999,-17.0326,-18.219,-6.8428,8.3854,0.761600000000001,-3.2456,-2.0326,-1.0746,-6.4794,6.1672
"324",7,24,"A",-1.62200000000001,38.3482,-2.5702,-6.80459999999999,-32.1652,-13.6482,-13.0962,-10.4654,-9.37960000000001,-20.4118,-2.6926,-5.0844,-8.92959999999999,-19.8808,-4.3216,-4.89660000000001,-13.4538,-11.2254
"325",7,25,"A",-38.7922,-40.746,-30.2866,4.7132,-17.217,-36.6632,-5.8546,-5.56800000000001,-24.8884,-16.5716,-27.6256,-20.811,-11.2834,-37.2526,-20.662,-15.9198,-6.9332,-3.2004
"326",7,1,"J",60.0702,-63.9242,-13.0314,-120.2526,-46.3652,19.758,63.2788,-78.152,29.8878,-40.7214,-110.3176,-28.48,40.0516,-38.6762,41.4738,-1.95819999999998,-87.0436,-46.9166
"327",7,2,"J",-201.2722,10.3642,-223.6818,-125.5018,-204.968,-128.5034,-63.0092,-100.0674,-173.3644,-211.5812,-73.2984,-99.106,-318.552,-47.6612,-235.6674,-172.6688,-4.0496,-263.1648
"328",7,3,"J",-224.2858,-426.056,-487.6996,-575.5568,-346.187,-437.5376,-525.406,-448.2056,-556.6106,-513.6312,-239.9928,-304.836,-491.1984,-244.8004,-495.1166,-288.848,-479.0734,-501.7984
"329",7,4,"J",-147.9632,-122.81,-167.4934,-72.0352,-138.8854,-199.8758,-267.0878,-207.5618,-2.08820000000003,-221.5474,-25.0848,-167.1578,-112.2728,-177.6128,-80.3326,-47.8302,-53.4306,-67.3444
"330",7,5,"J",-234.8624,-210.2102,-217.9984,-369.5582,-319.8472,-302.519,-337.8566,-268.689,-377.0312,-448.3688,-289.4722,-253.8412,-468.8756,-336.941,-514.2974,-511.1888,-586.6466,-308.5898
"331",7,6,"J",65.4160000000001,-68.187,-133.465,73.2748,13.7694,157.2048,-121.1902,-49.8692,111.978,-1.49360000000001,-70.6202,59.39,12.0754,81.2496,-55.9986,-67.131,9.13220000000001,-8.83680000000001
"332",7,7,"J",-39.1186,15.667,-0.513000000000005,-17.249,27.4594,5.64879999999999,10.0412,-4.694,44.0752,-34.6708,26.5146,-7.5248,-22.909,-3.4226,-8.2524,-17.525,16.6452,27.0324
"333",7,8,"J",46.413,0.147400000000005,65.4504,48.588,31.7548,5.733,-61.0118,18.8076,38.8108,16.2832,30.4514,-0.567799999999998,11.6658,-2.5548,-10.445,4.297,-6.7982,21.0988
"334",7,9,"J",-41.0518,61.887,32.27,-27.682,99.7254,25.2282,-22.2402,16.7608,28.4278,1.7968,-17.9346,10.4572,9.8058,-1.5742,-9.9974,-2.9332,-16.227,7.5834
"335",7,10,"J",-32.5302,-1.46859999999998,-23.7382,-40.4674,39.9658,5.45800000000003,4.93259999999998,-4.9896,-18.7276,26.3448,5.3366,16.2448,51.943,67.7234,15.0418,-40.4928,-18.382,6.1444
"336",7,11,"J",-20.166,14.1342,60.2024,-53.7672,39.2602,99.2422,-10.3348,0.351200000000006,26.2682,-14.3474,85.7272,5.5128,12.9744,25.2388,34.7642,-4.81,5.794,-30.5966
"337",7,12,"J",117.411,67.655,33.3022,2.2516,33.074,15.0004,-1.58279999999999,16.2894,25.296,37.7784,36.0318,13.406,-19.3254,17.517,-24.1628,-27.8426,1.2794,12.8326
"338",7,13,"J",6.3422,19.9892,1.4058,0.281199999999998,-6.6,6.048,-0.9202,7.1872,0.1788,-1.3442,-3.7168,0.3612,-10.7994,10.5536,-4.4572,0.7602,3.6778,-0.3924
"339",7,14,"J",90.41,135.1862,63.1484,69.18,85.391,36.2666,82.8428,-2.5686,4.2012,37.8392,2.441,3.223,10.5786,6.0652,-5.2496,20.2784,7.497,-3.1368
"340",7,15,"J",87.67,73.309,6.7638,46.6922,-5.0316,49.4856,66.7794,-32.1386,53.8482,-0.0274000000000001,-7.4044,-15.296,19.0338,13.202,7.725,17.478,16.4508,-1.9178
"341",7,16,"J",91.309,55.4178,30.4268,49.369,-10.1676,24.0688,48.2478,24.0744,-16.2812,18.976,6.6318,21.1128,6.6404,15.3804,-12.9446,3.1086,-4.5498,9.8724
"342",7,17,"J",17.3896,6.1462,3.1544,2.0642,9.84,8.4686,-5.0704,-2.8144,4.7424,8.1108,10.7304,10.2614,-3.4216,-5.3962,6.0976,8.3396,0.559,-5.1588
"343",7,18,"J",104.8078,114.3576,10.356,88.9168,47.479,50.8214,-13.5266,16.7634,6.83679999999998,-7.57859999999999,45.137,25.5036,6.9958,-6.44999999999999,5.3472,54.0556,6.8038,32.8366
"344",7,19,"J",27.2212,1.89480000000003,73.3672,91.5664,-7.36259999999999,26.1422,51.8716,-4.291,33.1106,37.522,-3.55799999999999,-0.554199999999994,-23.0156,27.731,28.8564,3.4716,24.2176,10.0568
"345",7,20,"J",-29.169,0.464400000000012,30.5552,-51.8088,96.7906,5.1182,-10.3428,-28.9594,-18.8832,-16.26,29.2414,9.4248,-44.6186,-3.7068,-31.6806,22.2652,-30.2702,-23.0954
"346",7,21,"J",78.778,-38.535,-11.088,57.6088,-37.6294,-62.1118,27.59,-0.921600000000012,18.8328,-37.1786,42.9736,3.66999999999999,-4.25280000000001,36.2298,43.1402,-9.29400000000001,12.754,-12.847
"347",7,22,"J",-7.03460000000001,22.6856,65.6826,14.3058,18.4742,11.7316,-0.869599999999998,25.2082,8.0976,-24.7706,17.7312,-6.1374,1.1778,-0.625,-5.2806,6.347,4.435,2.2592
"348",7,23,"J",48.092,50.1418,96.304,48.1688,-10.5766,41.2016,33.0086,21.0726,26.0156,27.007,44.8276,-5.75920000000001,19.8072,1.4348,7.3894,-10.2896,17.223,5.8608
"349",7,24,"J",168.4178,85.3762,99.2024,-41.4263999999999,1.75240000000002,3.8014,44.411,20.0606,-22.6228,21.9962,28.5812,10.9848,-9.5264,41.4938,3.1768,-6.21559999999999,-4.6832,7.18259999999999
"350",7,25,"J",-37.8444,-14.8426,36.9794,-61.4224,-44.1204,34.717,-31.8774,-7.38460000000001,-15.1036,-14.6786,3.32740000000001,-41.4538,-64.4168,-14.8462,-2.7894,-11.399,-8.8554,-3.26580000000001
