Age,Trial,WMD,1,2,3,4,5,6,7,8,9,10,11,12,13,14,15,16,17
A,1,1,4.54496,-53.89248,-44,-11.688,-5.97376,-13.59872,-2.1744,3.44224,14.23936,2.14656,-6.7968,-9.49312,-14.1504,-8.91296,1.91968,,
A,1,2,-137.2784,-126.95616,-55.88832,-32.64448,-58.73952,-1.39296,-25.6944,-26.54528,-39.16416,-35.17664,-5.54976,-25.23264,-19.62336,-9.7568,19.7056,,
A,1,3,-125.10144,-111.99104,-91.04672,-33.83136,-80.02848,-38.66784,-37.93088,-71.64064,-138.64224,-120.66304,-107.87232,-105.24064,-79.2416,-114.90464,-79.96,,
A,1,4,-126.61792,-60.16992,-88.80928,-42.69376,-58.71008,-68.48864,-86.26656,10.96064,-8.31072,-23.83328,-86.3168,-121.66144,-65.92992,-63.88992,-66.61344,,
A,1,5,-7.65344,-20.3184,-56.02176,-13.26944,-45.61952,-2.73504,-17.02784,-19.10336,-23.57888,-23.80832,-8.79136,-9.59008,-5.05056,2.15072,-1.32352,,
A,1,6,-71.06336,-21.01056,-35.98592,-32.26048,-4.9376,-3.45824,-7.52896,-24.60192,-17.39808,-20.11904,-27.55872,-7.38272,-20.84608,-15.32448,6.696,,
A,1,7,-26.69728,-3.81248,-6.64928,21.12768,-6.39776,0.3392,-5.20704,-8.4064,-5.30752,-5.87424,2.24224,-12.20864,-6.77312,-3.34272,13.43456,,
A,1,8,-99.77024,-88.73536,-71.03648,-113.40256,-88.56032,-71.81248,-43.14272,-54.68288,-49.8208,-61.664,-37.01312,-41.36256,-42.13312,-53.33792,-14.30912,,
A,1,9,-54.55456,13.44288,-21.02592,0.98208,-1.5472,-14.56608,-28.79616,-2.91936,-27.05088,-40.13376,-15.75264,10.47936,-10.8816,-27.0304,-14.2832,,
A,1,10,51.25024,26.86144,0.34784,1.62336,7.37792,-3.93376,6.24736,0.85312,-7.52288,3.94656,25.81312,2.12672,-6.1744,-2.51936,-16.8272,,
A,1,11,-45.30976,-22.25504,-3.52864,-46.26144,-9.75872,-2.09408,-20.4032,2.05344,-19.10016,-18.31296,-15.76672,-9.43776,-5.47968,-6.57696,-8.03648,,
A,1,12,-69.4624,-32.8672,-43.78752,4.06912,-33.36992,-37.58752,-28.90144,-8.9888,-17.05024,-13.56672,-9.88192,-40.4992,4.51488,-8.2752,-5.56864,,
A,1,13,-63.3376,-6.61024,-44.28448,-62.69536,1.29504,-16.48864,-27.43008,-15.92256,-67.53888,-64.85792,-30.89408,-32.296,-65.70368,-28.27872,-3.58624,,
A,1,14,-75.07264,-15.40928,-42.94208,-19.01088,-60.32064,-33.25312,-26.78464,-84.03008,-28.12,-22.85696,-24.3408,-26.688,-47.05472,-14.79584,-25.3152,,
A,1,15,-43.6896,13.8816,-33.6736,-24.9536,-47.09312,0.66464,-10.63296,-13.91424,-8.33696,-8.80608,-21.63488,-24.21984,-16.51712,-13.25504,-5.0944,,
A,1,16,-101.51328,-54.64544,-16.26944,-26.42272,-5.52416,-19.5744,-43.11392,12.63168,-18.97856,-20.68224,-15.72384,-31.05312,-12.62976,-8.54016,-32.06912,,
A,1,17,-79.40128,-71.91616,-15.3696,-44.24064,-43.22336,-67.80352,26.70752,-4.54368,-35.32672,-29.45408,-34.21824,-28.9968,-32.13952,-35.93152,-27.13856,,
A,1,18,-71.79328,-18.11488,-19.94784,-16.94976,-15.16704,-42.2512,26.96896,2.35776,-6.71104,-21.1776,-46.74048,-10.5632,-36.64736,-19.62464,-10.95232,,
A,1,19,-26.47552,-5.69184,-5.59104,-4.70848,22.24288,17.00096,10.43904,-13.12288,-45.33664,-58.29376,-19.60832,4.21696,-13.43072,-8.6928,-30.52512,,
A,1,20,-77.07008,-80.38112,-87.39008,-39.51648,-46.01248,-29.69184,-39.28992,-34.72448,-72.46016,-65.20416,-51.77088,-48.71872,-35.10528,-49.63648,-53.88608,,
A,1,21,1.64544,-6.672,14.44256,-32.72864,-5.2192,15.304,-15.87968,-38.00512,-26.01696,-14.27104,-53.2368,-16.2,5.72512,-5.43264,-6.26336,,
A,1,22,-7.08128,3.38336,20.58816,8.25504,-5.97152,-21.55072,-20.1136,-0.56288,-13.7808,-15.2704,-12.14272,4.8208,18.3728,-0.37536,-18.51136,,
A,1,23,22.03072,0.31936,17.69952,4.92096,-14.11552,-18.05248,10.1536,18.11424,-11.34496,-10.28416,-24.4912,-22.47392,-39.69216,-12.52032,-13.0256,,
A,1,24,25.15392,-3.80544,-8.45344,9.89696,16.74368,50.39296,-2.75424,-12.28448,-17.17568,11.6736,-15.1632,-6.47168,5.12608,12.35264,3.14688,,
A,1,25,-26.78048,-10.3648,-13.65088,-7.41216,-14.09408,12.9904,-9.29152,-27.63808,-5.48064,-29.352,-12.58336,19.02784,-2.00928,-15.76896,-7.78528,,
J,1,1,52.29696,168.5616,165.23552,111.0048,102.76544,89.11936,44.37664,84.40224,25.21952,1.96,14.656,-0.10656,3.1664,35.5088,5.21248,,
J,1,2,-39.93568,249.78176,98.95808,104.63168,190.2768,33.74464,43.82016,35.08512,36.57088,48.49024,5.33248,21.94048,18.56288,60.06944,3.03552,,
J,1,3,-106.5088,-66.73184,14.12992,-145.46368,7.72672,-82.06592,-131.16832,-297.06784,-95.95872,-120.1888,-167.04768,-66.92736,-172.10336,-61.87904,-218.2,,
J,1,4,-21.88064,2.07584,-11.53184,12.15872,-43.54208,-43.16096,126.4976,8.84736,-7.5936,-109.89056,-149.0352,52.48672,-54.28576,-88.09248,93.5248,,
J,1,5,162.64352,289.74848,182.81952,167.74368,180.81088,121.3248,92.40832,34.90816,7.60064,26.13472,35.30528,28.30304,19.91488,24.51968,21.68416,,
J,1,6,9.43872,47.24352,0.55904,68.68704,4.30208,37.33632,0.97472,9.22208,0.63872,-15.80064,34.1472,-26.30816,7.75104,25.98752,2.48864,,
J,1,7,80.10656,76.64576,71.97472,5.27776,41.93632,50.88256,12.42272,34.44768,14.15136,21.43616,-15.88064,-0.51584,18.66496,17.14272,12.00512,,
J,1,8,11.22816,4.14976,-57.5312,1.5648,-20.44576,-13.08928,-44.9744,7.45216,-20.86368,37.81504,-35.47488,1.75296,-33.81152,46.71552,8.70944,,
J,1,9,79.93664,132.82496,134.26304,83.83616,28.20704,65.62176,86.11488,33.99904,31.5936,37.91872,68.68896,-17.16288,4.11552,66.9616,-5.8576,,
J,1,10,6.75936,147.10592,19.6384,133.89056,39.80352,94.4848,85.69344,60.24448,29.75552,67.20128,13.66848,23.1472,24.88416,-23.16544,11.63296,,
J,1,11,46.64608,81.22784,-38.40064,91.21536,43.61344,-13.2272,103.41728,-11.43104,-8.90464,34.616,24.504,58.85152,33.36256,14.85024,24.07584,,
J,1,12,-2.05408,54.99488,131.12704,31.02144,17.92,21.62496,65.56416,35.7104,38.04224,19.38048,-22.36832,67.42208,21.64896,33.79872,48.22656,,
J,1,13,72.27328,87.53152,-21.31424,126.86176,64.27072,67.52608,83.96896,-13.38944,27.68352,83.8512,12.33408,-51.89888,28.5728,58.1024,57.24864,,
J,1,14,111.75104,52.32288,109.81312,-8.59264,59.52864,27.25472,-48.59424,107.83712,5.63616,53.0384,76.54688,-18.04768,70.01248,37.40832,84.50752,,
J,1,15,23.85184,35.6512,53.48768,82.54048,97.06464,62.89984,23.00288,17.74912,42.9408,35.69408,-11.864,25.36128,26.55104,45.31392,36.75072,,
J,1,16,209.1168,143.15264,90.01056,137.67936,57.71936,31.61728,114.32672,7.58784,52.43488,48,14.55264,55.31744,21.75552,27.68864,31.21088,,
J,1,17,129.76,313.30656,84.17344,165.27392,11.05568,252.37568,116.75552,37.43424,52.75904,27.9968,7.16896,29.15424,1.7488,12.87904,-43.94464,,
J,1,18,61.78144,243.5056,97.97856,180.024,12.67584,165.9328,94.0768,72.13312,45.00544,38.5152,103.016,-20.4448,43.11968,18.4688,13.65504,,
J,1,19,204.21088,249.58944,188.02464,207.39392,103.08704,123.10656,82.72448,33.45568,-3.70272,64.70272,58.81248,10.48384,28.98624,16.33408,55.6752,,
J,1,20,-39.13152,27.93088,124.832,98.90944,78.23168,22.25088,51.46304,-28.65856,-21.86688,-2.1376,-13.76512,1.1952,-19.0128,10.04384,-8.21024,,
J,1,21,110.08128,271.95424,43.9648,109.73248,109.86528,60.83456,109.2432,61.91936,20.55936,-10.59936,85.71136,48.07072,43.22848,42.59776,22.20416,,
J,1,22,-33.0736,243.752,50.45504,111.2976,10.95552,106.84512,59.06208,55.60288,34.54656,40.06816,78.03552,84.00864,49.42176,29.728,3.91456,,
J,1,23,177.82816,202.87008,159.04544,62.312,34.92192,144.0144,96.33504,36.04032,30.9776,45.29728,52.57888,16.37248,68.75104,66.86624,21.29664,,
J,1,24,167.04768,394.93824,211.46048,273.0912,250.2144,96.29248,117.43808,134.61824,92.57728,65.3616,86.9872,72.00672,72.40992,71.25536,98.71968,,
J,1,25,115.47776,285.23136,167.58304,159.14336,173.8016,125.60416,62.26496,134.4704,35.47648,67.11072,100.18912,18.31584,19.28416,32.85216,-0.41088,,
A,2,1,74.96896,16.38976,28.05632,30.62016,34.0384,3.17856,43.62464,12.14848,8.86272,6.29984,-0.61504,-11.09376,-0.41088,-11.77504,3.8176,12.7424,-2.02784
A,2,2,-8.77056,9.0544,41.87424,7.6976,21.02336,8.68864,15.36768,-1.31552,15.04384,-8.17952,-0.92608,6.15904,3.4912,5.03968,-4.87616,-1.19808,-2.15808
A,2,3,26.92928,18.43968,-6.94144,-12.37376,12.26432,8.43072,1.93792,-18.24704,-8.91264,-10.62816,-10.65632,6.0896,11.72128,1.02816,-4.64512,1.72832,-2.03072
A,2,4,11.42048,10.224,4.31136,1.86976,-19.96192,-14.86752,3.19488,14.8576,1.68384,6.82304,-2.93408,0.67648,2.61984,-1.05696,-6.70112,3.22368,3.78304
A,2,5,-0.53632,0.10528,12.06176,25.67392,20.9104,-2.43488,1.73696,6.33824,9.82176,14.08832,3.76832,-6.40352,3.368,9.8976,-2.01312,-4.86816,-0.8992
A,2,6,-85.84512,-49.6128,-1.70208,-8.58144,-9.02944,-7.80928,-19.97536,-5.232,-22.3312,-17.18368,-32.74016,-26.90848,-13.3984,-2.12,0.28192,-7.3648,-18.02784
A,2,7,-38.43616,-61.2288,-0.98464,1.08,10.10592,-8.76384,12.07616,11.19968,6.37856,-12.56864,-10.04544,5.81024,6.18944,-0.048,-12.03872,-0.10112,-7.10464
A,2,8,-29.05728,2.30208,39.77536,33.63488,3.8496,-16.65856,18.24256,15.01984,-13.52256,-18.54016,-9.86784,-2.2288,-14.84608,4.57696,-4.4896,-1.8688,-2.37504
A,2,9,-3.26304,-10.48224,3.33472,-5.0368,-10.4608,-8.62688,-2.6336,0.1552,-2.74912,4.5376,0.04384,0.20224,-3.60576,1.49536,2.1904,4.12224,-2.44832
A,2,10,17.15616,-18.0944,-3.09888,-22.9744,-31.83392,13.13728,16.70752,10.65472,5.20896,2.12832,-12.36544,-4.6096,-29.25888,7.48992,-3.77728,0.03392,-8.40288
A,2,11,-273.69088,-154.96928,-131.43104,-120.72768,-60.528,-79.3232,-35.09472,-4.03168,-107.09888,-82.2784,-97.87712,-112.19072,-97.73504,-55.992,-56.48544,-50.90912,-105.98976
A,2,12,-42.76864,11.63808,-13.8,-3.99136,-18.11648,-32.68288,-26.2512,-15.46208,-24.32256,-32.98048,-26.49728,-26.4272,-43.49376,-21.94176,-18.53984,-19.904,-24.99936
A,2,13,95.76096,-0.17088,-2.90752,40.02656,56.19552,33.90048,38.10496,19.04256,24.89088,21.4032,4.78784,11.76128,7.73536,15.60288,2.18112,-3.62976,11.98624
A,2,14,-17.95168,-18.00544,-5.6448,-47.40224,-36.99136,-27.39168,-12.58304,-4.78688,-2.96352,-22.78944,-16.6912,-29.08448,-17.23968,-5.71168,-13.296,-0.12768,-10.38048
A,2,15,-162.464,-109.82912,-151.44,-94.10144,-79.81504,-82.69792,-74.86848,-81.12992,-17.75104,-31.232,-60.03616,-75.31776,-49.32512,-92.28224,-88.35104,-63.00928,-28.43808
A,2,16,6.59264,7.02208,-4.832,-20.21216,5.64288,-26.19456,-11.53088,-14.64544,-24.08832,-6.72992,-12.91104,-20.5392,-38.83104,-24.34656,-9.34176,-2.89248,-5.98784
A,2,17,-8.27776,-14.896,13.10688,3.56704,-27.60928,10.57248,34.3472,28.76448,-20.65888,-9.53824,9.0448,-9.83488,-18.13344,5.37536,-11.63104,4.58944,22.22336
A,2,18,-36.71008,-35.5232,-26.23264,-15.53952,-6.08608,-10.91936,-27.53184,-20.60704,4.0336,-6.64288,-37.7664,-32.66784,-11.47552,3.63712,0.46432,-0.99104,0.096
A,2,19,-4.20128,-25.63808,-19.24096,-39.384,-30.0864,-22.34432,3.29888,15.448,-15.48928,-6.10144,-17.21856,-31.56192,-23.0096,-7.34624,4.17856,14.85856,11.65504
A,2,20,-38.448,-16.99168,-13.49376,-8.62112,-12.0384,-11.36768,-20.76576,-6.12,2.05984,-6.40992,-8.16448,-9.30016,1.39136,0.42624,-1.2736,1.05696,-1.22464
A,2,21,-1.07552,-8.59424,-16.2528,1.4496,8.33824,4.0032,1.79328,-11.90784,-4.26848,-7.96896,-9.6608,-0.57952,-3.3104,-1.73088,6.496,-8.88288,-10.58816
A,2,22,-69.89088,-35.34016,-50.11872,-41.30144,-53.72,-40.76864,7.76032,-30.31488,-14.51008,-8.04384,3.40512,-28.65888,-4.04224,-12.64544,-6.79936,-11.03552,8.39392
A,2,23,-258.91424,-219.39392,-207.70464,-150.83744,-149.78144,-162.88544,-113.66112,-140.50336,-127.12672,-145.5936,-136.07936,-109.16992,-90.58656,-97.25888,-107.68,-113.3264,-99.19488
A,2,24,-352.2384,-245.73056,-219.54688,-240.29728,-187.84672,-227.18208,-186.58656,-268.15456,-215.53504,-215.45504,-217.49376,-285.45632,-195.55392,-162.66656,-175.19232,-216.21632,-135.34816
A,2,25,-81.13248,-62.48256,-65.88032,-38.6688,-50.95808,-11.56992,-22.3744,-39.0176,-32.20224,2.53568,-6.00384,-10.89056,-5.6816,-14.50304,-12.44256,-0.81664,-13.39328
J,2,1,387.8432,330.28864,295.56544,270.55648,202.42944,270.24672,99.36448,181.64576,99.60064,75.73536,25.95488,37.13984,48.57696,48.55296,34.06688,25.61536,27.49664
J,2,2,109.05824,172.27136,108.07072,140.27872,64.10528,52.99424,30.42848,49.01344,6.0704,33.78976,28.9104,7.61248,11.98592,3.90976,21.47456,3.44352,5.50624
J,2,3,180.65344,59.5904,61.48224,78.70432,34.77088,56.7616,-0.8288,44.25536,21.81984,1.27072,37.65376,29.94912,11.91904,11.52608,19.74112,-1.68064,14.10048
J,2,4,280.69568,114.4128,191.36672,98.48384,71.84928,84.35936,124.01248,64.496,51.35712,16.4752,27.44928,18.33664,18.86272,25.6752,25.20864,24.84512,18.67968
J,2,5,214.31392,46.3488,124.4224,76.4576,43.97824,67.7744,41.00608,18.07712,51.93984,30.38016,11.88192,28.02336,28.5056,17.17056,8.83648,7.544,5.14496
J,2,6,175.33472,329.6816,130.70592,186.4688,142.16384,126.33888,81.69248,47.896,84.59456,38.7696,40.99232,72.57984,69.57568,58.82432,7.37408,21.8592,8.06176
J,2,7,26.52224,134.83456,105.01216,112.40288,53.89824,98.1296,72.79776,41.60256,18.5104,28.2416,63.60064,40.74656,9.32608,28.9344,44.77472,11.51488,-0.72512
J,2,8,93.90528,329.9568,168.00224,182.04064,125.10176,164.11328,95.40256,56.00736,51.68224,67.06624,48.44384,43.23648,43.44704,22.45248,27.64736,4.9024,37.40832
J,2,9,9.5968,40.60544,15.176,30.48736,-1.384,15.88064,15.19712,15.216,35.30304,-2.22656,13.75744,6.47072,20.60064,18.31424,0.89632,3.36832,-0.10784
J,2,10,46.9424,298.55488,140.58688,186.90752,175.12704,152.53664,122.88544,73.25728,80.98816,68.92064,83.23456,26.78688,69.9552,50.36864,51.96544,23.3376,22.15136
J,2,11,-5.87296,148.2032,22.27488,114.08576,66.20224,238.92,132.95904,-48.65664,73.52704,64.6048,37.45248,39.2272,98.64704,66.53184,84.61568,4.10016,96.12704
J,2,12,268.25792,206.09344,225.59648,190.79456,129.49952,101.0352,87.10176,90.0336,67.98272,45.59712,46.85984,29.95936,60.3696,35.12288,19.6192,16.3136,52.72224
J,2,13,311.46496,403.58368,400.54112,318.6144,227.7408,262.38752,191.10496,183.40192,114.0608,92.30848,132.40768,80.74272,95.74176,36.88352,60.0848,56.86944,47.36928
J,2,14,15.45792,19.09344,-3.55168,11.92928,13.4272,32.8912,32.12224,30.58624,-22.61056,5.2576,-11.91968,16.39008,12.52992,3.33568,48.84,-13.39904,40.42528
J,2,15,-9.14304,72.8848,80.13184,128.31488,77.4832,73.05088,28.36544,144.5216,64.78656,40.384,41.64352,85.37536,-34.97792,29.22048,25.0112,85.32,93.62976
J,2,16,89.69952,0.4384,33.53088,45.3184,-23.6704,66.65728,28.84608,9.65952,18.77248,11.8592,0.51968,-34.78496,12.14784,73.08032,57.28096,20.576,36.75072
J,2,17,134.68704,138.27744,108.33888,61.08128,150.24992,155.04544,149.42784,57.62144,50.16032,107.64064,24.39072,29.95712,72.72224,24.58112,78.79552,70.46048,13.47168
J,2,18,136.1456,135.80288,70.78784,107.66784,79.41696,44.83232,34.64448,96.41088,11.89216,10.43808,10.44384,34.85696,54.71808,52.47616,24.34528,23.17472,6.30656
J,2,19,28.67808,176.10592,100.4496,124.89824,81.0976,105.82368,98.4704,70.22336,80.27168,50.74464,37.6752,22.65504,61.57952,77.23168,48.33472,33.42624,15.43168
J,2,20,29.48032,97.04064,33.25152,54.6704,55.86368,35.02272,31.98432,29.81312,17.20608,26.27008,12.94944,12.80672,12.62176,9.12992,9.22656,0.9536,5.52288
J,2,21,17.35552,-1.17248,44.93312,27.27424,41.96064,11.07936,6.07872,13.34432,6.60544,10.0288,11.60704,-6.14016,9.2912,13.94784,-13.8144,-2.9312,-1.62912
J,2,22,0.44352,130.70368,-4.73376,72.40704,66.8384,111.6848,-9.86624,58.99776,93.22016,91.24576,4.85696,88.5936,65.21632,64.39136,19.79648,43.92608,76.7392
J,2,23,-33.2016,63.02848,126.72192,19.34784,-30.36768,59.72288,4.07008,94.85408,-7.92992,64.12512,88.71712,12.77888,-20.2768,3.2144,6.74144,34.8432,79.55936
J,2,24,-67.78944,-16.9984,-127.98592,79.22688,-0.41664,55.21856,-177.60992,-45.56576,-5.86496,-8.23936,-187.52832,-2.78688,-23.20128,-23.66496,-147.05792,-8.8112,154.82848
J,2,25,232.13248,380.0704,237.33728,247.3376,209.2048,168.94656,112.59936,115.87136,163.41568,91.1872,64.08448,84.11392,45.84128,36.70432,50.86048,47.888,35.89696
A,3,1,-16.32768,22.99456,-18.7568,4.14208,20.63968,67.3216,36.8656,-8.70432,0.1312,13.176,3.3792,-5.24128,27.21536,7.8976,2.39488,10.46848,
A,3,2,90.01024,12.06304,-9.79616,-2.15296,10.72928,22.664,11.95744,18.77536,4.2208,10.40288,-5.11264,-0.52608,5.98016,6.31808,-2.71744,-3.17536,
A,3,3,87.80096,12.22144,-23.36736,32.6928,52.56704,9.10048,23.77888,-1.86208,10.048,-0.45504,0.2864,-0.7952,-6.02112,-3.92896,4.7056,3.75968,
A,3,4,-38.65984,-31.58624,30.82592,16.6768,25.97824,43.41696,18.57536,-13.27104,10.24928,3.24416,4.28704,5.65312,-2.89472,0.93696,-2.93152,6.4416,
A,3,5,-37.4784,-7.08064,-51.57216,-20.27232,-5.66048,-10.22688,-6.51872,-25.72384,-3.59872,-18.12608,-12.7008,-11.48,-3.81152,-14.4016,3.10144,-1.8224,
A,3,6,-122.28288,-57.4688,14.24832,10.1296,19.9488,-44.81408,-39.68832,5.2704,8.44224,36.71232,-12.08064,-9.98816,-17.74784,7.33952,-15.49088,2.6816,
A,3,7,106.63904,46.30112,-1.08832,2.3232,43.48352,29.80256,19.208,34.86368,15.34176,17.8,8.81824,-3.1152,2.41344,-10.02976,-2.08928,6.80384,
A,3,8,7.26272,3.82208,-5.53216,0.35552,-3.1696,2.9616,4.25792,-0.9232,-1.59552,-0.33184,-2.6288,-2.2624,-0.24992,0.53856,2.5376,-0.43616,
A,3,9,-16.00672,-12.93472,10.968,-1.80416,1.46336,8.44832,20.89536,23.08544,3.39712,5.97504,-2.464,5.71104,3.91584,-5.55552,-0.63168,1.68224,
A,3,10,-99.60128,-67.49824,-71.9808,-43.03936,-19.56608,-20.69024,-13.08032,-27.04128,-17.05088,-19.82272,-17.81856,-13.2272,-21.72448,-31.55456,-11.5616,-1.7008,
A,3,11,-7.99616,-3.93568,-8.12576,-26.08448,30.95552,29.68288,3.04576,12.25184,17.96832,22.09344,28.56736,6.77504,22.72128,6.56352,-14.75808,-11.8768,
A,3,12,54.85056,9.4768,28.2128,23.10656,-2.07936,63.87872,14.51168,5.58656,7.26688,10.256,12.21888,21.63008,15.2976,11.57888,-8.88704,4.34944,
A,3,13,145.2512,76.91232,21.26112,35.77216,51.0928,46.12256,53.0256,49.59264,-6.15712,14.99744,22.8768,13.08512,21.80064,19.02336,-6.07552,3.57952,
A,3,14,42.2608,-7.73824,3.4336,3.53344,5.84288,11.32032,1.94784,-1.40096,-0.8976,5.88544,2.99168,8.34816,2.63456,-0.99552,-0.61536,1.87712,
A,3,15,-16.35296,19.86112,13.7696,28.93504,6.544,-9.72576,8.77984,2.2768,18.824,-22.07296,2.0544,0.05024,-9.54912,-4.37472,5.42016,-3.27136,
A,3,16,-8.70208,30.6624,-20.98624,16.54464,34.42848,42.2832,25.44768,31.93408,10.31488,13.46912,10.88704,-6.99168,5.72288,16.24288,9.1552,2.26816,
A,3,17,-173.40224,-43.31648,-224.85728,-154.62496,-61.4176,-61.45344,-118.16576,-160.06208,-133.08864,-67.34368,-44.03328,-71.17984,-153.85216,-65.30944,-84.36448,-59.608,
A,3,18,-27.89632,-9.2976,-48.95392,-44.91648,-30.56576,-23.82816,6.26944,-9.19616,-18.64288,-28.7264,-19.47296,9.83136,2.6432,-3.39392,-11.09888,-3.33312,
A,3,19,19.80192,-6.20064,-28.25824,-6.61856,12.10848,3.28992,8.61536,11.98752,1.0496,6.22048,5.58208,-3.832,-1.63424,6.9824,1.81152,3.63712,
A,3,20,-85.50592,-55.4224,-63.00384,-20.112,11.55584,-17.70752,-62.0816,-6.51456,-39.08416,-52.76352,-9.36064,6.3104,9.44672,-22.13376,-19.27104,-8.68064,
A,3,21,22.22944,-5.8768,0.4016,-9.23424,17.46784,19.87744,20.4384,-8.99936,2.01408,9.704,12.2496,19.21664,4.77152,1.61888,0.57248,9.94048,
A,3,22,-31.13024,-14.472,-6.74496,5.87488,-0.06752,-9.02048,-10.86432,1.35392,-9.392,-35.82112,-14.90624,-31.43872,-24.33344,-30.7088,-33.0368,-11.47552,
A,3,23,2.74816,-23.78016,-55.5552,-54.10912,-32.03808,-23.34432,-19.4336,-42.41152,-34.24896,10.12064,-19.81792,-8.50432,-16.73856,-20.9344,-20.3296,-1.4096,
A,3,24,-57.15232,-68.72064,-98.5072,-68.62624,-5.5136,-11.20256,-37.13056,-39.21888,-45.6416,-34.51136,-41.37696,-7.82688,1.22048,-3.92544,1.76832,2.33376,
A,3,25,-346.76864,-135.22112,-243.0496,-125.90144,-109.96416,-83.83456,-107.00256,-104.49568,-41.88864,-62.98784,-113.33696,-83.44544,-66.3584,-98.91072,-76.83936,-43.34592,
J,3,1,195.01184,107.78912,219.76352,134.24736,169.59616,72.87136,82.95456,85.84224,79.7776,60.75648,34.81696,84.176,38.86912,30.6944,31.05472,-22.67776,
J,3,2,193.82976,125.63008,142.42144,123.70976,111.86368,90.66688,67.29792,23.60512,46.5472,17.00384,52.13536,43.76448,29.83776,2.11552,6.63168,-24.6336,
J,3,3,85.82112,183.33664,200.67904,246.32128,101.816,132.9744,67.20896,89.51328,37.25696,35.50848,31.0288,7.75744,12.69504,17.4944,-2.68288,-6.7712,
J,3,4,72.07456,254.35104,113.15424,156.32448,164.272,67.26336,18.4496,122.9072,70.21856,44.67264,46.98112,41.87488,37.67264,16.40128,13.30144,22.85472,
J,3,5,207.25024,8.99968,121.83616,85.51872,72.02912,56.03008,24.74144,44.77952,7.06944,43.9008,47.45344,-4.14688,3.0704,65.46688,25.35296,5.94624,
J,3,6,49.27552,266.33344,115.99776,140.312,-4.01248,118.25536,117.42112,87.43072,145.5808,17.14208,61.65408,62.6912,94.48064,42.65408,57.88608,56.032,
J,3,7,111.04032,305.06944,117.22016,223.0544,130.70912,95.73152,123.5408,59.0848,83.93088,59.92736,-4.89824,36.80192,6.3248,18.72864,17.2576,20.96128,
J,3,8,98.38656,29.50752,58.54784,18.59872,36.96576,13.33856,19.968,14.31712,10.36448,-4.15392,5.33216,5.43296,0.61536,4.62528,0.7632,-2.59616,
J,3,9,12.16352,82.52512,41.60768,36.28096,52.00128,54.94112,33.25952,15.54592,23.22528,6.28128,23.77984,8.87648,-13.736,10.00192,15.95808,8.11424,
J,3,10,-7.87168,86.68,79.13984,77.69344,40.09056,101.14976,41.84864,36.872,31.88288,19.27456,25.66752,21.44128,-33.49344,31.69792,18.6416,15.69728,
J,3,11,143.6176,58.18144,28.04192,125.42208,83.12384,33.17888,68.69632,43.00704,51.38112,73.04096,13.25216,58.45248,0.23744,-19.35968,14.46784,21.00224,
J,3,12,19.24512,343.62048,171.75904,170.87424,246.18112,155.21024,73.86656,109.46016,53.22624,80.64352,78.12448,47.29952,54.31616,13.24096,61.46144,-22.4496,
J,3,13,226.79232,428.23104,254.15552,313.728,197.31904,229.7056,155.45696,60.7904,79.14688,87.67456,58.00736,82.224,43.22208,18.24256,67.38752,43.75904,
J,3,14,105.15328,218.92224,146.17888,126.13408,127.68384,61.38112,39.5776,30.64448,33.0384,41.37216,32.82688,0.928,12.1312,12.0688,22.0688,11.68512,
J,3,15,117.49792,13.01728,75.07584,32.62272,21.75296,26.06976,42.13248,67.23072,-29.62112,24.89216,22.6112,-13.05472,8.0384,24.22688,-11.77056,27.6896,
J,3,16,52.45664,250.70656,79.81568,216.94048,151.344,121.07456,126.95456,72.54368,77.5088,47.14336,18.90272,66.99648,61.47712,25.87104,11.14048,37.96928,
J,3,17,105.4464,-366.02816,-101.53088,38.13152,-88.73056,-93.78592,-226.98016,-79.2016,-40.68928,9.87296,-48.39648,-261.96384,27.5984,-89.49696,-42.82528,38.19808,
J,3,18,-45.04704,-51.19392,-47.25312,-2.05152,9.09056,95.95904,-3.24224,-11.02048,-22.88928,11.928,70.3904,35.29536,-29.72768,7.6112,10.25568,31.9552,
J,3,19,-6.21152,42.8704,55.27584,62.55104,12.23008,34.2544,41.64896,6.62688,19.15488,21.67648,-3.8064,6.01888,22.47072,-7.98976,17.9424,0.88,
J,3,20,80.89536,182.15584,136.73728,191.94016,81.63616,43.95744,195.76992,58.77056,2.46624,97.16128,61.9008,82.68864,24.90272,26.90368,56.44736,41.49792,
J,3,21,88.90272,68.94208,37.87104,123.05632,102.26976,59.24,58.01824,55.66368,51.5936,20.90592,46.90368,10.91104,28.19392,24.39264,15.33344,28.05728,
J,3,22,-14.2624,13.34528,10.23232,-8.87136,-28.66976,4.98112,13.45344,-32.79488,-62.23328,21.16736,-44.17632,-18.88224,-53.27392,-34.88448,36.84384,11.5296,
J,3,23,38.43776,-87.89792,-92.256,-16.17568,60.99904,33.14016,-95.58368,1.28096,82.63744,-10.16,14.72736,-14.43136,-21.07296,-19.55936,8.9632,-62.1152,
J,3,24,48.44576,-51.18048,64.38592,126.87616,30.34624,34.104,24.45792,30.17472,29.51136,-6.11232,55.41472,36.1392,-1.43392,16.11968,36.9456,13.59296,
J,3,25,19.448,-211.17632,-11.18816,2.72512,-86.7712,-129.16128,-51.98272,65.33056,-94.81056,-123.0544,-86.21312,-50.99168,-91.00096,-35.71936,23.40928,9.78432,
A,4,1,-18.45888,-27.88096,-8.83712,-5.81984,-4.51968,-6.65888,-4.608,-0.56992,0.16672,0.69632,-6.312,-0.4416,2.38624,,,,
A,4,2,87.32928,34.97632,-30.34624,-16.85504,2.17888,35.67872,-6.19392,-21.2016,10.66496,-30.42528,-7.95648,0.57632,-13.92352,,,,
A,4,3,57.968,24.91776,-4.11936,15.05344,4.2944,-26.1312,-2.7616,-2.592,4.43584,1.7376,-8.08192,-2.98144,-13.16736,,,,
A,4,4,46.68768,34.0352,28.14336,24.33088,22.56384,14.86784,22.84672,29.36288,3.50528,34.616,24.0928,3.87392,5.25952,,,,
A,4,5,36.6304,48.3792,15.25152,27.95232,67.33664,48.4368,49.7104,10.84192,-8.4576,42.12736,15.27936,8.67104,1.83776,,,,
A,4,6,87.6288,9.12384,11.3168,-3.4,1.00256,21.9056,10.03072,1.16544,3.968,6.52032,5.304,2.84224,8.56416,,,,
A,4,7,72.51968,52.39712,65.5552,18.58528,25.37664,5.29536,6.38624,7.696,10.97216,12.11424,26.5888,4.55424,-11.86944,,,,
A,4,8,41.98272,13.70304,9.77568,5.51584,17.20448,-8.6928,6.29888,7.14272,22.4208,5.832,9.44032,1.26592,-4.11904,,,,
A,4,9,-57.85632,0.40096,18.26976,-28.50112,-30.0144,35.48672,-5.392,16.8816,23.54816,-1.19072,-4.01728,-0.81312,28.14336,,,,
A,4,10,-75.88064,17.048,-179.61152,-96.1424,-26.46592,-43.5392,-25.94624,-54.14912,-14.6048,-59.50304,-50.6576,-74.1472,-106.38592,,,,
A,4,11,141.0944,60.4016,75.83936,64.29792,46.61536,42.30112,34.83904,18.9552,9.09088,11.65856,9.64992,6.17056,-2.55712,,,,
A,4,12,131.83008,49.8624,40.45216,68.88352,28.1984,20.55168,15.98784,-2.67744,-2.35232,-0.1312,8.25248,4.03968,-0.78176,,,,
A,4,13,15.88096,17.2832,23.3552,6.47008,10.85696,-8.94048,45.28352,30.16608,1.91968,20.83168,23.33248,-20.32224,7.36416,,,,
A,4,14,5.8064,-62.93152,-12.5888,-2.8272,-3.9136,-9.58688,-9.52832,-4.0992,-6.46496,-10.5664,-35.90048,-35.95584,-17.67136,,,,
A,4,15,-57.75776,-112.82976,-19.67456,-50.9136,0.90496,-23.20448,5.08768,-4.70816,-10.64,-23.65632,-19.74304,-21.51488,-38.17952,,,,
A,4,16,196.87584,93.31456,116.73952,65.26336,49.6992,49.96928,61.22176,31.78496,4.9952,12.11456,7.5936,16.35872,6.4176,,,,
A,4,17,183.70912,86.61472,91.00192,56.16608,47.56736,44.73536,44.20864,31.59552,35.44544,34.01888,14.59072,23.08416,9.3728,,,,
A,4,18,-16.10016,20.8,-39.85184,-23.76736,-13.74176,-28.18656,-21.89536,-7.32384,1.00608,-1.368,-15.35936,-33.91136,-48.74496,,,,
A,4,19,-239.49792,-169.9936,-162.29664,-81.74912,-89.15936,-94.48256,-81.8384,-67.56384,-98.86432,-61.90656,-76.87872,-64.24096,-111.58976,,,,
A,4,20,-75.064,-3.36448,-60.88352,10.0336,2.69632,-4.65856,-50.54944,-35.61504,-31.16064,0.78592,-6.16896,-33.3488,-33.28192,,,,
A,4,21,100.0784,28.86208,19.9056,15.41152,14.74304,5.44032,12.8752,3.11776,2.33568,3.50048,3.29504,-0.43072,3.34016,,,,
A,4,22,132.46656,79.64864,75.97664,106.8384,63.08416,47.7632,42.42848,30.36288,12.13312,1.12768,-12.07104,19.88416,8.17024,,,,
A,4,23,-34.85984,-21.79648,-33.79744,6.44544,-15.90336,-4.90016,6.7024,5.7776,-11.3248,6.34048,11.01824,-22.968,-34.71296,,,,
A,4,24,-45.2112,-26.67072,-49.86272,-67.1456,-9.23424,-19.49152,-24.05216,-52.98112,-32.56576,-99.10464,-67.2032,-61.56512,-74.12864,,,,
A,4,25,25.0048,-5.7808,11.1584,-18.25088,-10.45664,4.46112,4.8672,3.0736,-2.96768,5.17632,7.60192,6.15456,2.9872,,,,
J,4,1,34.2608,8.95552,32.98752,10.51328,25.15424,22.13984,14.48448,10.38752,1.35488,0.0464,6.31968,9.53056,11.82304,,,,
J,4,2,38.60896,69.18336,43.79936,92.77152,140.3696,41.20512,43.3632,106.8512,-50.85024,50.42336,55.14752,17.89472,81.97248,,,,
J,4,3,138.53472,187.89728,163.93728,126.71072,56.8816,93.39744,110.7904,105.56704,46.49888,10.65568,35.61312,31.01728,33.91584,,,,
J,4,4,220.68832,194.03232,111.45408,149.84736,113.31104,135.8064,63.00064,28.82688,153.05504,83.97536,51.67616,18.41312,39.36128,,,,
J,4,5,175.3824,37.9328,111.94368,153.52416,86.36096,120.59072,105.77248,29.28736,137.64384,49.70016,92.57376,53.87744,58.89952,,,,
J,4,6,-3.57952,247.76672,59.4352,68.52896,71.98336,33.21856,37.46432,46.30016,39.0656,16.96064,16.52992,17.288,8.28576,,,,
J,4,7,99.3472,200.94464,84.5824,159.93888,76.8848,95.4032,52.62528,67.90496,31.8,69.42304,19.40544,13.3632,6.24032,,,,
J,4,8,88.81824,136.69856,77.26016,114.12896,44.49248,43.03648,65.6912,72.07424,24.61728,62.99552,29.0032,2.05888,28.22368,,,,
J,4,9,44.9312,274.29216,34.62912,132.984,190.33536,-18.5072,122.35872,92.4,29.87872,73.49024,70.35936,76.42944,-86.63584,,,,
J,4,10,81.71904,-250.07328,39.7392,59.05568,-53.95104,23.50272,-72.14112,100.29472,-94.32928,-20.1056,-44.99584,-153.01376,-70.67584,,,,
J,4,11,145.3664,423.22176,245.50656,206.24064,150.56352,142.61536,79.67968,77.82208,44.14656,24.78368,26.41792,16.87296,13.3264,,,,
J,4,12,453.63456,325.4464,304.01376,139.7504,119.63328,115.93696,69.54784,70.54336,37.21568,31.64384,15.67232,12.0256,6.64032,,,,
J,4,13,102.47424,282.416,189.90112,177.30208,104.93824,211.45856,79.39584,61.448,95.46528,74.64704,-6.53216,84.92,-42.86336,,,,
J,4,14,-75.66592,18.70464,24.4768,8.13024,33.37824,32.57152,7.49728,-7.51136,4.44256,-39.9104,-23.85024,20.2128,-17.2304,,,,
J,4,15,-43.11488,22.70144,-0.99392,78.74976,23.9376,86.11168,72.23488,30.73024,-3.64672,-17.2912,42.7824,-20.71904,-10.61344,,,,
J,4,16,92.37024,426.04864,201.79008,235.96224,126.19552,164.43616,120.87616,86.42752,99.71904,51.80544,78.00288,24.7744,70.66464,,,,
J,4,17,118.30848,479.00736,210.25504,219.88256,167.76992,173.568,108.5472,110.56992,72.67296,77.85472,69.70624,55.39232,-5.97312,,,,
J,4,18,115.08096,-81.62816,49.64064,29.18336,17.32416,12.15168,15.94816,-17.59776,8.62144,34.50688,-81.66272,-24.872,31.7248,,,,
J,4,19,-68.31968,-61.79264,38.6096,88.888,-67.93152,21.21152,91.55168,-60.39168,88.38304,-43.97472,10.5216,-149.65888,-58.20512,,,,
J,4,20,99.41664,44.33184,155.73696,190.56608,112.76672,38.8224,160.50656,73.54592,124.64928,82.50912,29.66208,17.83552,10.58624,,,,
J,4,21,88.32704,213.53184,85.02304,105.14816,58.06144,67.54624,40.7824,29.43936,27.53888,33.072,22.97248,19.86784,8.9456,,,,
J,4,22,152.48512,408.67264,293.55712,191.47808,184.75072,132.72608,122.81696,100.48256,87.14848,90.54784,83.00544,32.77856,57.65984,,,,
J,4,23,-24.02464,-35.02176,34.00512,-30.15552,9.98496,6.51072,-15.9168,-41.00352,37.39264,17.00384,-49.79552,-8.47872,23.42048,,,,
J,4,24,8.296,-62.32736,-60.44416,43.10144,-30.6528,-34.47104,-59.9584,-16.80704,-166.90528,-47.23136,-69.67744,-46.08544,-51.67872,,,,
J,4,25,22.09824,28.79168,-21.90912,11.3904,34.7232,10.94112,14.02656,2.04128,19.93856,7.52544,7.67136,5.65088,11.38688,,,,
A,5,1,157.17792,48.09856,80.5776,38.1568,25.79552,13.63168,18.85792,5.31008,17.25824,24.592,40.43968,37.26208,20.83808,8.97504,7.0848,,
A,5,2,21.7456,35.51968,22.47552,-10.06912,-35.86368,-10.6272,-9.6224,-13.98592,-34.14208,-24.24064,-14.11584,-12.91296,-22.16128,5.44032,4.48064,,
A,5,3,85.11904,75.51264,59.30816,59.81024,43.9408,25.9472,10.70976,14.0336,9.1408,47.86592,40.10176,43.69792,25.61728,32.3808,27.75936,,
A,5,4,162.63712,49.76096,58.32928,29.84608,-29.02304,10.01088,18.38816,12.2864,20.31456,14.85888,22.384,15.93312,27.4768,6.44608,6.55168,,
A,5,5,9.92576,9.43328,3.1072,-10.95488,15.6304,25.71136,-0.59296,13.9984,24.69952,-3.44704,17.6784,20.07872,-4.71168,2.13248,1.50432,,
A,5,6,38.9136,18.10432,19.89984,-14.04,-4.68096,-8.17504,1.58912,10.74784,12.68512,0.17472,7.74592,-4.48096,3.37024,-9.28,0.84608,,
A,5,7,-9.408,20.29248,2.03296,6.72672,1.25824,1.66336,29.76672,-30.63744,-1.65312,6.03072,5.1088,8.2816,32.72288,1.872,14.58688,,
A,5,8,2.90144,-15.2416,-36.22848,-49.62784,-10.93536,9.2784,-19.39712,-28.58016,13.75808,4.1952,-23.6368,-35.72672,-12.81248,-30.61376,-19.00832,,
A,5,9,30.58016,8.20768,-41.36256,-16.87616,-6.96832,-0.60352,-29.83904,-16.47584,-26.17632,-8.6976,-10.82944,-29.90176,-14.27392,-1.79712,0.19008,,
A,5,10,150.3744,64.30144,47.4784,48.3824,42.89504,24.87264,41.66144,33.03136,23.53632,13.4384,10.37952,9.07328,8.07648,21.85664,-5.31264,,
A,5,11,5.06432,9.68608,23.44832,-7.13664,-28.07008,-3.32032,-13.55616,-1.06048,-10.99264,-11.74304,4.93792,26.97856,13.12832,6.73888,19.05568,,
A,5,12,-33.81344,8.80832,-9.54848,-45.86496,-50.51648,-41.3728,-46.30656,-15.46624,-8.43104,-10.98496,-20.8544,4.7552,-27.71904,-17.90208,-29.22304,,
A,5,13,-81.97728,-93.45216,-101.01504,-69.25056,-84.95808,-73.20896,-73.83168,-54.592,-32.20832,-65.84032,-95.42432,-54.93536,-46.48128,-31.02784,-46.31392,,
A,5,14,-342.84224,-237.84288,-247.43008,-285.4944,-339.10624,-299.59936,-240.89568,-311.56896,-250.42528,-259.60032,-185.77536,-221.41792,-254.55616,-203.51392,-259.63456,,
A,5,15,-195.6672,-110.23552,-145.81312,-143.66208,-171.04608,-194.11456,-168.4784,-99.10208,-93.264,-86.10752,-130.69024,-92.36128,-151.5696,-85.86944,-87.60736,,
A,5,16,-67.49856,-62.48672,-22.40864,-80.61248,-98.2848,-30.63232,3.91136,-31.53184,4.51552,14.01728,-14.728,-4.7856,12.92224,-16.0768,-29.36608,,
A,5,17,146.36832,42.43104,-28.0864,-70.95648,-46.7568,-38.78368,-11.79008,-60.06208,-13.52512,-2.74368,-24.47328,-30.9232,-2.06752,4.096,6.04032,,
A,5,18,137.46144,69.8176,38.17184,28.6272,14.55584,9.57344,30.59744,31.46368,17.63264,20.04448,15.87616,19.64384,7.816,10.03136,19.2816,,
A,5,19,68.52384,26.44128,17.99776,10.13824,8.35168,44.01408,21.99616,29.29696,18.30272,12.31232,20.10016,11.65312,10.91712,18.27904,3.45504,,
A,5,20,4.76096,8.7088,18.87936,-27.19616,-8.216,1.51296,1.40416,5.51648,-12.4016,5.00992,1.12896,-5.29248,-6.21088,0.20672,-4.90624,,
A,5,21,21.1392,66.64,39.92224,38.98112,28.93472,10.09216,5.1504,7.22848,4.63136,3.06432,3.8816,7.08768,6.51424,7.59616,5.36576,,
A,5,22,193.9568,138.07168,139.35488,65.86272,74.87616,47.68928,68.832,40.41216,39.1728,30.7824,27.70144,29.86368,27.66432,18.23008,17.5856,,
A,5,23,183.2992,150.82912,135.59232,106.90208,76.21184,59.59552,47.85248,24.93664,32.13184,19.9424,17.33088,8.67936,9.00544,9.07136,17.26752,,
A,5,24,478.83616,240.24416,189.78912,125.73632,102.53792,69.42816,46.05088,34.15776,20.86656,18.82976,10.80096,9.72992,4.33728,1.26624,2.07296,,
A,5,25,319.21184,107.87136,102.00576,59.58144,40.73216,28.31008,30.224,25.36128,11.34176,16.2672,5.2544,-0.3296,2.35424,-0.94048,3.76,,
J,5,1,81.4368,638.7504,251.03584,333.80768,191.3312,252.46944,117.85504,113.424,135.61728,134.40928,111.7024,87.92928,74.56512,90.94496,51.03296,,
J,5,2,155.29984,303.62432,139.36192,187.70208,174.16896,159.09824,118.27936,71.3472,87.43168,89.94464,40.55744,60.73344,111.90464,92.64416,73.24864,,
J,5,3,329.5472,431.55168,358.53376,319.9216,223.40512,266.51872,212.78848,133.50016,210.21248,120.06112,173.368,100.45472,118.14016,107.6016,27.09248,,
J,5,4,29.33376,610.00352,241.59616,249.23072,239.23584,212.83776,176.49088,148.45536,122.62912,109.21888,80.95648,102.01536,59.3664,59.69632,71.63584,,
J,5,5,75.48352,106.7728,40.5392,145.42624,96.48896,45.71104,92.25376,54.64256,32.3968,86.95776,45.24864,9.24064,42.14784,25.41568,24.7856,,
J,5,6,252.09888,114.03776,110.70112,89.57728,85.29248,104.20544,63.58816,84.89568,43.84,59.4864,16.62208,30.10176,8.26752,25.66368,25.48384,,
J,5,7,214.16576,263.85664,238.29216,196.12128,147.24416,198.24192,98.34912,141.31296,148.88256,151.97408,78.53568,162.94688,79.03232,129.15904,129.61728,,
J,5,8,63.37088,48.25024,94.95872,83.66848,63.13248,16.23968,21.40032,75.824,42.22688,-7.91008,20.59136,59.94304,-18.81248,40.32768,72.20128,,
J,5,9,228.71968,145.85504,206.74944,192.46944,91.75904,70.0416,149.22016,18.17824,63.54592,89.90432,61.34976,66.33536,59.37408,47.18912,17.96672,,
J,5,10,258.768,440.0688,332.57632,265.3872,205.03776,230.70144,129.9072,127.03264,119.69344,96.92192,74.60128,73.77696,90.04416,28.34432,9.45728,,
J,5,11,53.29184,196.30464,83.28736,140.38432,138.62272,111.7408,109.37856,81.97056,68.14368,92.80736,91.9648,38.54784,40.13024,76.26336,23.11712,,
J,5,12,134.90592,86.77024,2.18848,23.31136,31.12864,-1.6224,47.13152,54.59616,32.80864,-7.95712,51.53728,-27.25344,41.08576,18.38688,-17.37024,,
J,5,13,-8.4544,6.05888,16.44288,-28.09408,-5.08672,-7.82048,35.672,32.9792,-43.04032,-54.1744,38.09408,23.3504,15.488,15.43392,-48.25984,,
J,5,14,-113.2832,-44.95392,-160.60576,-162.08224,-101.53856,7.68512,-239.4448,-2.096,-113.21088,26.81632,-150.58272,-112.08736,17.56288,-142.71552,2.45344,,
J,5,15,120.48768,-38.79136,43.48448,-35.9936,-29.62976,115.536,98.01024,40.94688,104.288,-52.05184,62.472,-14.15968,56.62048,96.86048,75.48832,,
J,5,16,196.12256,364.29152,57.46016,106.16224,190.91776,218.47744,118.76064,231.17408,183.76928,131.79456,113.25376,119.85792,97.44032,110.89344,133.85664,,
J,5,17,215.75968,411.85088,195.43776,262.28928,203.08992,240.72384,114.28448,197.69888,188.7504,89.69088,130.81536,138.00256,142.39712,90.43008,-28.66624,,
J,5,18,217.86528,433.8224,248.16704,284.56736,161.13504,212.16576,166.86336,110.5664,155.64512,93.67744,116.29728,58.3504,78.77664,88.0176,105.63648,,
J,5,19,61.38432,230.52224,109.57216,117.97792,159.37088,102.912,96.40928,83.55712,54.36736,80.13952,55.64288,75.91264,68.68992,31.98176,9.51648,,
J,5,20,266.29088,90.00288,80.3456,124.27296,117.93888,54.16608,51.64384,4.94528,57.12832,32.78848,22.76864,27.52224,26.6768,6.4848,1.84384,,
J,5,21,287.57984,67.70208,153.06944,112.80896,43.2,53.94784,52.3168,21.36608,22.7136,16.87968,15.66688,14.22752,24.68864,6.6656,8.48128,,
J,5,22,317.29632,566.77984,331.06784,373.7984,206.24864,259.70752,175.00928,149.43872,134.12928,128.44416,84.76544,98.60224,60.9808,51.88832,30.55616,,
J,5,23,527.55808,426.75008,320.63328,243.6704,200.72128,153.30336,129.384,107.68064,78.91776,68.2992,39.35648,49.10848,16.17568,35.99808,14.53792,,
J,5,24,592.02912,903.36544,475.01184,401.16096,293.35168,219.51008,142.15488,97.06752,88.88384,57.70272,56.73696,32.99936,31.36192,20.54912,18.61216,,
J,5,25,158.98208,584.42336,238.54144,279.1008,149.19904,157.88128,89.9024,62.22912,60.81408,36.12384,22.83136,25.30176,3.38784,11.1248,2.11648,,
